Parameter,Best Value,Best Mean Fitness,Std Dev,Min Fitness,Max Fitness
COLONY_SIZE,100.0,1.967956477272179,1.1681816577802373,0.4400198874579075,4.080242220951305
LIMIT_MULTIPLIER,0.5,2.651805939297573,1.8120714812013528,0.0791810894129696,5.108054241066995
