Parameter,Best Value,Best Mean Fitness,Std Dev,Min Fitness,Max Fitness
COLONY_SIZE,100.0,4.762351648762612e-05,1.957664078902253e-05,2.200857158440264e-05,8.061063745871373e-05
LIMIT_MULTIPLIER,0.5,0.0004935988279099,0.0008165078393665,9.234437471281833e-06,0.0029119923828317
