Parameter,Best Value,Best Mean Fitness,Std Dev,Min Fitness,Max Fitness
COLONY_SIZE,100.0,0.4385417426319908,0.3516889118058425,0.079333081606411,1.1509184317818186
LIMIT_MULTIPLIER,0.5,0.7953089511335822,0.3887402855289693,0.3961313126270984,1.405940171446876
