Parameter,Best Value,Best Mean Fitness,Std Dev,Min Fitness,Max Fitness
ALPHA,0.2,6.411888346648226,5.003503667307752,0.7659820859093895,15.311602901156972
BETA,1.0,14.462415138034478,2.906461440363582,8.933803736461535,17.97488582387426
PA,0.4,11.288598240349367,3.1747642943107026,6.908588976904948,17.714022286370113
