Parameter,Best Value,Best Mean Fitness,Std Dev,Min Fitness,Max Fitness
ALPHA,0.2,33.655920283648015,19.62593643034196,11.00710712476797,78.2648914374638
BETA,1.0,54.0248093156304,25.2239056507439,22.77852411002921,92.47820113204348
PA,0.4,45.69235651861165,14.10871055009098,24.18561664787481,72.3968280494058
