Parameter,Best Value,Best Mean Fitness,Std Dev,Min Fitness,Max Fitness
ALPHA,0.2,167.5848418238042,240.4688924606788,1.4395714944976814,693.3123483003403
BETA,1.0,2284.606388423784,1118.9576911199088,687.4625787277805,4328.696792395898
PA,0.4,1269.357355255887,1316.224222251302,31.149977974830428,3915.206627488255
