Parameter,Best Value,Best Mean Fitness,Std Dev,Min Fitness,Max Fitness
ALPHA,1.0,19.406099115143235,0.2526516714320967,18.90427398565161,19.855043670368524
BETA0,0.5,19.536872861320028,0.2492770755939625,18.90427398565161,19.784614265398204
GAMMA,0.5,19.536872861320028,0.2492770755939625,18.90427398565161,19.784614265398204
