Parameter,Best Value,Best Mean Fitness,Std Dev,Min Fitness,Max Fitness
ALPHA,1.0,71.43754066285013,7.328354948883875,55.3395175608166,83.67369607154843
BETA0,0.5,80.89675088358098,7.495460532023171,73.00141047328518,98.51969695398888
GAMMA,0.8,80.89675088358098,7.495460532023171,73.00141047328518,98.51969695398888
