Parameter,Best Value,Best Mean Fitness,Std Dev,Min Fitness,Max Fitness
ALPHA,0.7,14658.94369944045,2409.306633189575,8651.596436036485,16802.22701840785
BETA0,0.5,14671.974212728604,2419.0643166906907,8651.596436036485,16802.22701840785
GAMMA,0.5,14671.974212728604,2419.0643166906907,8651.596436036485,16802.22701840785
