Parameter,Best Value,Best Mean Fitness,Std Dev,Min Fitness,Max Fitness
C1,2.5,3.702677914578406,0.5186262436791377,2.450041841481053,4.524750008312811
C2,0.5,2.978924360928563,0.5660480072608586,1.9948647965597288,4.302515090799226
W,0.6,0.000269058124859,0.0001558346536416,6.439884832376563e-05,0.0007231247853138
