Parameter,Best Value,Best Mean Fitness,Std Dev,Min Fitness,Max Fitness
C1,1.0,29.50063520011552,15.652246516112807,5.346270449351938,62.74347688268347
C2,0.5,19.1623351736091,16.015606227298328,3.3238711826921787,76.838130262116
W,0.6,3.095418534333455e-07,2.934842141761025e-07,1.9456110454234303e-08,1.26655144652911e-06
