Parameter,Best Value,Best Mean Fitness,Std Dev,Min Fitness,Max Fitness
C1,1.0,32.87430882373846,10.424640142937715,10.456180627796613,52.06661459328943
C2,0.5,33.939073204051546,8.564641990119172,18.98325297269324,48.048124964476926
W,0.6,9.954756513203526,4.744845001572825,2.9848783936231627,19.949641097803323
