{
  "parameter_values": [
    1.0,
    1.2,
    1.5,
    1.8,
    2.0
  ],
  "convergence_curves": [
    [
      19.92650808907237,
      19.89634768803583,
      19.751442028627874,
      19.66529029724915,
      19.530530008347498,
      19.348685073798812,
      19.149374561484215,
      18.970241768188785,
      18.893370354551543,
      18.84137727409402,
      18.657396064927685,
      18.357620297686303,
      18.251100271329832,
      18.248324606948206,
      17.911435970643193,
      17.6563260312494,
      17.530155382630415,
      17.245593545873596,
      17.106437462237025,
      17.030114189484408,
      16.872851599675677,
      16.75841422109813,
      16.66388976525293,
      16.579209178809663,
      16.38875983426004,
      16.375582897726638,
      16.357788297721235,
      16.27619488457109,
      16.183957245721906,
      16.073564984802466,
      15.912981878002554,
      15.897178612575113,
      15.801082975547814,
      15.673377636319458,
      15.656513060968994,
      15.645678722319573,
      15.601377018638852,
      15.546785675468394,
      15.380393250946458,
      15.260868088701063,
      15.254674595599619,
      15.229560260267757,
      15.218722624055298,
      15.218722624055298,
      15.14179483757349,
      15.021364128715405,
      14.93042134244871,
      14.876221470236757,
      14.870041818794453,
      14.869140111030195,
      14.820722401339655,
      14.81640517697367,
      14.77992067518171,
      14.745057470298732,
      14.704315577871194,
      14.703437386037754,
      14.679822178040869,
      14.67726085010039,
      14.672926827748952,
      14.668194709535777,
      14.66311864213765,
      14.645253894997339,
      14.638017160695204,
      14.606972913496435,
      14.606109921840893,
      14.584658610117534,
      14.583117482252538,
      14.566022898856612,
      14.565907270937853,
      14.560597861512212,
      14.54444486949249,
      14.544329876327353,
      14.543830944003279,
      14.543344207099233,
      14.543222527462897,
      14.541348996813237,
      14.537833038548367,
      14.517788411175355,
      14.517457464175482,
      14.485542236701685,
      14.480030246930422,
      14.479910084539014,
      14.479877709751682,
      14.479627129530211,
      14.479256634274094,
      14.479107399341675,
      14.479107399341675,
      14.477200150280627,
      14.477200150280627,
      14.476644463115353,
      14.475988384382228,
      14.474845030123328,
      14.474845030123328,
      14.47462485826188,
      14.47462485826188,
      14.46532125724153,
      14.46532125724153,
      14.464881525148618,
      14.464881525148618,
      14.464881525148618,
      14.462415138034478
    ],
    [
      19.92650808907237,
      19.87366600960498,
      19.82113574496433,
      19.759550585080344,
      19.665338639836136,
      19.47425528382464,
      19.334314437104354,
      19.080950540521208,
      18.83621462244628,
      18.81391868507962,
      18.76641845724834,
      18.680935987580884,
      18.574465836328212,
      18.534441963685076,
      18.489431232299033,
      18.370583090748564,
      18.240829340640303,
      18.151805085452867,
      18.071475621281216,
      17.994241763151457,
      17.98009999304916,
      17.93914659309718,
      17.802080205576257,
      17.589452392734533,
      17.52555107892978,
      17.368898702343976,
      17.312559020956307,
      17.287285785664327,
      17.041965173089846,
      17.03576418609753,
      17.015405561493164,
      16.986831469404358,
      16.832207444045522,
      16.807217636330883,
      16.765329636665992,
      16.541331956860564,
      16.480483439929127,
      16.46495961119748,
      16.454517038325218,
      16.445313137246938,
      16.4174007388177,
      16.405092789589617,
      16.366615320766357,
      16.238841500181618,
      16.16937298045756,
      16.164164149591922,
      16.129033025830047,
      16.10166010717738,
      16.09612327357615,
      16.070559191625737,
      16.02601288417942,
      16.000777328894962,
      15.98930762015359,
      15.968151525057356,
      15.968151525057356,
      15.946376198109556,
      15.92211179268134,
      15.920705184474594,
      15.92015226367393,
      15.920117599815901,
      15.912490642405462,
      15.89382469289211,
      15.884904596088933,
      15.874746499302072,
      15.874740762347539,
      15.86330438165496,
      15.855927143276924,
      15.833395688213376,
      15.830251409029955,
      15.825322978035677,
      15.824643438526602,
      15.823565544366668,
      15.819075436678904,
      15.817465944014462,
      15.81678339947722,
      15.815457618234692,
      15.815457618234692,
      15.814554497496696,
      15.814554497496696,
      15.80823866005404,
      15.806481180360066,
      15.80644577637565,
      15.806389770018393,
      15.798958116167034,
      15.798884280263659,
      15.798864177210737,
      15.798706898615524,
      15.79837597136159,
      15.79797411008445,
      15.797830987328732,
      15.797797909579984,
      15.796971825920949,
      15.796970976107593,
      15.796945995443565,
      15.796945984271355,
      15.796945984271355,
      15.796943175512741,
      15.79694157118043,
      15.79678359899257,
      15.796384724009826,
      15.796382463402173
    ],
    [
      19.92650808907237,
      19.91811391754492,
      19.82687759187135,
      19.74296623382516,
      19.735075955608696,
      19.58611130372351,
      19.523191406652025,
      19.455009164101774,
      19.102746019455733,
      19.07680805594392,
      19.000148527165656,
      18.948396027933963,
      18.778415925476157,
      18.76595519729985,
      18.629003612946217,
      18.43766496118056,
      18.338649605173412,
      18.33508433978579,
      18.312434584860476,
      18.259228141422305,
      18.246285894943718,
      18.21322306741414,
      18.166886666880824,
      18.04346860076486,
      17.96912729795583,
      17.920031170927285,
      17.893707704936688,
      17.87404375599475,
      17.847650215166166,
      17.826332675924704,
      17.80870527713872,
      17.787104152214138,
      17.759564067090825,
      17.748279955054826,
      17.739266160536964,
      17.703808027541033,
      17.694929778070232,
      17.680722379697798,
      17.680471617068356,
      17.67386810148903,
      17.671754156157633,
      17.528321895680055,
      17.524967584596904,
      17.523572749749835,
      17.517180831818592,
      17.510349159680224,
      17.474559500115326,
      17.474559500115326,
      17.469517224549726,
      17.44610410564143,
      17.44610410564143,
      17.445860087320753,
      17.424162227957734,
      17.401600332232455,
      17.392282157717453,
      17.379984870175257,
      17.364912956568155,
      17.364912956568155,
      17.364430733906477,
      17.357740910307093,
      17.355083094223428,
      17.293572694517728,
      17.293572694517728,
      17.293572694517728,
      17.28005409747631,
      17.27977307441588,
      17.265835899085513,
      17.247793381310043,
      17.247747345820393,
      17.245130090364906,
      17.245130090364906,
      17.243477270021568,
      17.225618995724254,
      17.225618995724254,
      17.225618995724254,
      17.22468508500239,
      17.22397011522427,
      17.22024848592306,
      17.22024848592306,
      17.22024257417276,
      17.220194881544547,
      17.204252671812302,
      17.204252671812302,
      17.204252671812302,
      17.19811200560752,
      17.19811200560752,
      17.196334700413164,
      17.19633134383951,
      17.190913802556913,
      17.1878574591723,
      17.185740443340315,
      17.183088186092785,
      17.183088186092785,
      17.17779307716468,
      17.17779307716468,
      17.175959517601484,
      17.175959517601484,
      17.175959517601484,
      17.172066851345065,
      17.172066851345065,
      17.16636483401655
    ],
    [
      19.92650808907237,
      19.88291297086894,
