algorithm,function,parameter,value,best_mean,best_std,best_min,best_max
CS,ackley,pa,0.1,19.033830345704736,0.3425849268245897,18.524448002721744,19.73208399328282
CS,ackley,pa,0.2,18.154951104506566,0.9663554093411766,16.399185726343475,19.706909369049832
CS,ackley,pa,0.25,17.166364834016548,2.131128679295252,11.148261186381141,18.836348131843632
CS,ackley,pa,0.3,14.5496018622744,1.8651787271170261,11.66551126065001,18.387668964323435
CS,ackley,pa,0.4,11.288598240349367,3.1747642943107026,6.908588976904948,17.714022286370113
