{
  "parameter_values": [
    0.1,
    0.2,
    0.25,
    0.3,
    0.4
  ],
  "convergence_curves": [
    [
      19.92650808907237,
      19.91811391754492,
      19.867572581453068,
      19.722756896202217,
      19.69805916942854,
      19.6391797207069,
      19.584857104512512,
      19.48191738303582,
      19.428696217514208,
      19.39519491442155,
      19.362009811292772,
      19.32564980551503,
      19.292083109266205,
      19.13212739480945,
      19.10945011071968,
      19.084049557156515,
      19.08181676562884,
      19.04795766051107,
      19.033830345704736,
      19.033830345704736,
      19.033830345704736,
      19.033830345704736,
      19.033830345704736,
      19.033830345704736,
      19.033830345704736,
      19.033830345704736,
      19.033830345704736,
      19.033830345704736,
      19.033830345704736,
      19.033830345704736,
      19.033830345704736,
      19.033830345704736,
      19.033830345704736,
      19.033830345704736,
      19.033830345704736,
      19.033830345704736,
      19.033830345704736,
      19.033830345704736,
      19.033830345704736,
      19.033830345704736,
      19.033830345704736,
      19.033830345704736,
      19.033830345704736,
      19.033830345704736,
      19.033830345704736,
      19.033830345704736,
      19.033830345704736,
      19.033830345704736,
      19.033830345704736,
      19.033830345704736,
      19.033830345704736,
      19.033830345704736,
      19.033830345704736,
      19.033830345704736,
      19.033830345704736,
      19.033830345704736,
      19.033830345704736,
      19.033830345704736,
      19.033830345704736,
      19.033830345704736,
      19.033830345704736,
      19.033830345704736,
      19.033830345704736,
      19.033830345704736,
      19.033830345704736,
      19.033830345704736,
      19.033830345704736,
      19.033830345704736,
      19.033830345704736,
      19.033830345704736,
      19.033830345704736,
      19.033830345704736,
      19.033830345704736,
      19.033830345704736,
      19.033830345704736,
      19.033830345704736,
      19.033830345704736,
      19.033830345704736,
      19.033830345704736,
      19.033830345704736,
      19.033830345704736,
      19.033830345704736,
      19.033830345704736,
      19.033830345704736,
      19.033830345704736,
      19.033830345704736,
      19.033830345704736,
      19.033830345704736,
      19.033830345704736,
      19.033830345704736,
      19.033830345704736,
      19.033830345704736,
      19.033830345704736,
      19.033830345704736,
      19.033830345704736,
      19.033830345704736,
      19.033830345704736,
      19.033830345704736,
      19.033830345704736,
      19.033830345704736,
      19.033830345704736
    ],
    [
      19.92650808907237,
      19.91811391754492,
      19.65960742665229,
      19.59230263015075,
      19.548711643037542,
      19.520379546400214,
      19.46358983338334,
      19.35526236837527,
      19.270473685118553,
      19.157973607982537,
      19.1108966289957,
      18.9590761973238,
      18.92044541467032,
      18.90669043322258,
      18.830308203296408,
      18.79203034481719,
      18.714541467301604,
      18.6764598478809,
      18.60801239575909,
      18.528434680311243,
      18.514262431138928,
      18.45439039477283,
      18.43799199569723,
      18.39219819801496,
      18.383242668421484,
      18.358455813904552,
      18.343900504751883,
      18.32211095057323,
      18.32211095057323,
      18.319197075205132,
      18.301427444937516,
      18.28852988740784,
      18.26855856852064,
      18.26855856852064,
      18.25693067198453,
      18.23595893035175,
      18.223019357218995,
      18.222749191076467,
      18.18522571673893,
      18.18522571673893,
      18.18522571673893,
      18.18522571673893,
      18.18522571673893,
      18.173788524021287,
      18.15816843128882,
      18.15789763341352,
      18.157803170584987,
      18.157803170584987,
      18.157326274084454,
      18.157326274084454,
      18.157326274084454,
      18.157326274084454,
      18.157326274084454,
      18.15730483906342,
      18.156753207997458,
      18.156753207997458,
      18.156631218039546,
      18.156631218039546,
      18.15660608585167,
      18.15660608585167,
      18.15660608585167,
      18.156463843850922,
      18.15599601311733,
      18.15599601311733,
      18.15599601311733,
      18.15599601311733,
      18.15599601311733,
      18.155959891130557,
      18.15586243065861,
      18.15586243065861,
      18.15586243065861,
      18.155653877031188,
      18.154951104506566,
      18.154951104506566,
      18.154951104506566,
      18.154951104506566,
      18.154951104506566,
      18.154951104506566,
      18.154951104506566,
      18.154951104506566,
      18.154951104506566,
      18.154951104506566,
      18.154951104506566,
      18.154951104506566,
      18.154951104506566,
      18.154951104506566,
      18.154951104506566,
      18.154951104506566,
      18.154951104506566,
      18.154951104506566,
      18.154951104506566,
      18.154951104506566,
      18.154951104506566,
      18.154951104506566,
      18.154951104506566,
      18.154951104506566,
      18.154951104506566,
      18.154951104506566,
      18.154951104506566,
      18.154951104506566,
      18.154951104506566
    ],
    [
      19.92650808907237,
      19.91811391754492,
      19.82687759187135,
      19.74296623382516,
      19.735075955608696,
      19.58611130372351,
      19.523191406652025,
      19.455009164101774,
      19.102746019455733,
      19.07680805594392,
      19.000148527165656,
      18.948396027933963,
      18.778415925476157,
      18.76595519729985,
      18.629003612946217,
      18.43766496118056,
      18.338649605173412,
      18.33508433978579,
      18.312434584860476,
      18.259228141422305,
      18.246285894943718,
      18.21322306741414,
      18.166886666880824,
      18.04346860076486,
      17.96912729795583,
      17.920031170927285,
      17.893707704936688,
      17.87404375599475,
      17.847650215166166,
      17.826332675924704,
      17.80870527713872,
      17.787104152214138,
      17.759564067090825,
      17.748279955054826,
      17.739266160536964,
      17.703808027541033,
      17.694929778070232,
      17.680722379697798,
      17.680471617068356,
      17.67386810148903,
      17.671754156157633,
      17.528321895680055,
      17.524967584596904,
      17.523572749749835,
      17.517180831818592,
      17.510349159680224,
      17.474559500115326,
      17.474559500115326,
      17.469517224549726,
      17.44610410564143,
      17.44610410564143,
      17.445860087320753,
      17.424162227957734,
      17.401600332232455,
      17.392282157717453,
      17.379984870175257,
      17.364912956568155,
      17.364912956568155,
      17.364430733906477,
      17.357740910307093,
      17.355083094223428,
      17.293572694517728,
      17.293572694517728,
      17.293572694517728,
      17.28005409747631,
      17.27977307441588,
      17.265835899085513,
      17.247793381310043,
      17.247747345820393,
      17.245130090364906,
      17.245130090364906,
      17.243477270021568,
      17.225618995724254,
      17.225618995724254,
      17.225618995724254,
      17.22468508500239,
      17.22397011522427,
      17.22024848592306,
      17.22024848592306,
      17.22024257417276,
      17.220194881544547,
      17.204252671812302,
      17.204252671812302,
      17.204252671812302,
      17.19811200560752,
      17.19811200560752,
      17.196334700413164,
      17.19633134383951,
      17.190913802556913,
      17.1878574591723,
      17.185740443340315,
      17.183088186092785,
      17.183088186092785,
      17.17779307716468,
      17.17779307716468,
      17.175959517601484,
      17.175959517601484,
      17.175959517601484,
      17.172066851345065,
      17.172066851345065,
      17.16636483401655
    ],
    [
      19.92650808907237,
      19.91811391754492,
