algorithm,function,parameter,value,best_mean,best_std,best_min,best_max
CS,ackley,beta,1.0,14.462415138034478,2.906461440363582,8.933803736461535,17.97488582387426
CS,ackley,beta,1.2,15.796382463402173,2.250655923387146,12.152493384245513,19.11797571536904
CS,ackley,beta,1.5,17.166364834016548,2.131128679295252,11.148261186381141,18.836348131843632
CS,ackley,beta,1.8,17.129714161601946,0.7466321870778779,15.845706808982415,18.32023194136269
CS,ackley,beta,2.0,17.533947777704558,1.0913900499743254,16.09654442875306,19.637377083856254
