{
  "parameter_values": [
    0.001,
    0.01,
    0.05,
    0.1,
    0.2
  ],
  "convergence_curves": [
    [
      19.92650808907237,
      19.917494445096388,
      19.87980911645353,
      19.799872700217556,
      19.799718910471025,
      19.69007937884934,
      19.511424458388298,
      19.376953014574923,
      19.159033466043848,
      19.159033466043848,
      19.112833481131116,
      19.110252784937444,
      19.092246760702935,
      18.853108793486744,
      18.678171860868197,
      18.63643177596297,
      18.537442674898365,
      18.52905289377044,
      18.486049799586077,
      18.485563175860484,
      18.405987927057904,
      18.37715401669573,
      18.329360576597892,
      18.329360576597892,
      18.226048248536078,
      18.18402062879644,
      18.183929368230572,
      18.183929368230572,
      18.171911611019944,
      18.16103839202119,
      18.15705871175107,
      18.15261733047084,
      18.14806791927754,
      18.12577554800127,
      18.086320309375207,
      18.035778582956905,
      17.964984577170753,
      17.964984577170753,
      17.840770077407083,
      17.840701959353563,
      17.840641966519843,
      17.840641966519843,
      17.82474436025321,
      17.81232170027214,
      17.81232170027214,
      17.79979337638469,
      17.79979337638469,
      17.79979337638469,
      17.79813484753716,
      17.783146784006725,
      17.782971531283362,
      17.782971531283362,
      17.77883700762171,
      17.773729925332557,
      17.773729925332557,
      17.773619706274236,
      17.77283003934805,
      17.771510954381913,
      17.770735466913656,
      17.76686149339549,
      17.765453098019563,
      17.757190206593457,
      17.757190206593457,
      17.743001478393985,
      17.742937721430202,
      17.742937721430202,
      17.742537248665865,
      17.741456449916253,
      17.741456449916253,
      17.736865899216077,
      17.736865899216077,
      17.736865899216077,
      17.736865899216077,
      17.736865899216077,
      17.73664237901084,
      17.736532989871172,
      17.73651098956946,
      17.736438047683134,
      17.736263213459388,
      17.735405282733538,
      17.735405282733538,
      17.73521852314102,
      17.735215771331042,
      17.73518738850314,
      17.73518738850314,
      17.73518738850314,
      17.73516340187978,
      17.733801270195173,
      17.733801270195173,
      17.733801270195173,
      17.733799093547077,
      17.733799093547077,
      17.733799093547077,
      17.733799093547077,
      17.733799093547077,
      17.73379708078181,
      17.73379708078181,
      17.73379708078181,
      17.73379519852499,
      17.73379519852499,
      17.73379224849827
    ],
    [
      19.92650808907237,
      19.91811391754492,
      19.82687759187135,
      19.74296623382516,
      19.735075955608696,
      19.58611130372351,
      19.523191406652025,
      19.455009164101774,
      19.102746019455733,
      19.07680805594392,
      19.000148527165656,
      18.948396027933963,
      18.778415925476157,
      18.76595519729985,
      18.629003612946217,
      18.43766496118056,
      18.338649605173412,
      18.33508433978579,
      18.312434584860476,
      18.259228141422305,
      18.246285894943718,
      18.21322306741414,
      18.166886666880824,
      18.04346860076486,
      17.96912729795583,
      17.920031170927285,
      17.893707704936688,
      17.87404375599475,
      17.847650215166166,
      17.826332675924704,
      17.80870527713872,
      17.787104152214138,
      17.759564067090825,
      17.748279955054826,
      17.739266160536964,
      17.703808027541033,
      17.694929778070232,
      17.680722379697798,
      17.680471617068356,
      17.67386810148903,
      17.671754156157633,
      17.528321895680055,
      17.524967584596904,
      17.523572749749835,
      17.517180831818592,
      17.510349159680224,
      17.474559500115326,
      17.474559500115326,
      17.469517224549726,
      17.44610410564143,
      17.44610410564143,
      17.445860087320753,
      17.424162227957734,
      17.401600332232455,
      17.392282157717453,
      17.379984870175257,
      17.364912956568155,
      17.364912956568155,
      17.364430733906477,
      17.357740910307093,
      17.355083094223428,
      17.293572694517728,
      17.293572694517728,
      17.293572694517728,
      17.28005409747631,
      17.27977307441588,
      17.265835899085513,
      17.247793381310043,
      17.247747345820393,
      17.245130090364906,
      17.245130090364906,
      17.243477270021568,
      17.225618995724254,
      17.225618995724254,
      17.225618995724254,
      17.22468508500239,
      17.22397011522427,
      17.22024848592306,
      17.22024848592306,
      17.22024257417276,
      17.220194881544547,
      17.204252671812302,
      17.204252671812302,
      17.204252671812302,
      17.19811200560752,
      17.19811200560752,
      17.196334700413164,
      17.19633134383951,
      17.190913802556913,
      17.1878574591723,
      17.185740443340315,
      17.183088186092785,
      17.183088186092785,
      17.17779307716468,
      17.17779307716468,
      17.175959517601484,
      17.175959517601484,
      17.175959517601484,
      17.172066851345065,
      17.172066851345065,
      17.16636483401655
    ],
    [
      19.92650808907237,
      19.843358107019615,
      19.62407805420056,
      19.5653057375579,
      19.363536353944216,
      19.217747201542906,
      18.92711209325767,
      18.66501031535528,
      18.542642057218142,
      18.40389742817079,
      18.292223465385213,
      18.002673679457367,
      17.987188418930618,
      17.781418237539683,
      17.68116938289351,
      17.379825752192648,
      17.32090613147018,
      17.224739583620728,
      17.18044773189375,
      17.055090429562718,
      16.88352879961099,
      16.863698670593283,
      16.760050575952462,
      16.63479007718409,
      16.534993912141864,
      16.486600378047427,
      16.35614469169886,
      16.341334314600193,
      16.287021398135945,
      16.17569350970419,
      16.15311840162051,
      16.05616206264086,
      16.008647317784988,
      15.946763343687568,
      15.888657082167352,
      15.755335945536405,
      15.743582626063084,
      15.721284642993634,
      15.721284642993634,
      15.700629903613144,
      15.687365277326714,
      15.645958316467238,
      15.627392373440562,
      15.623195112044417,
      15.591788654003565,
      15.568608500905176,
      15.497528711355603,
      15.492486803691344,
      15.480157628836128,
      15.46980972659048,
      15.469281907431085,
      15.468809689024138,
      15.460941754786399,
      15.439409219249834,
      15.43932468032138,
      15.4382836716081,
      15.419600254695945,
      15.419077161460702,
      15.418349569801856,
      15.416699008209912,
      15.41391208802425,
      15.412453890643217,
      15.41077859257221,
      15.410238235060149,
      15.402524473192937,
      15.402150806287489,
      15.401992415049795,
      15.394470610458422,
      15.392705877545648,
      15.390870402432,
      15.386202891906814,
      15.367903976091256,
      15.365542230175256,
      15.36553960296647,
      15.36553960296647,
      15.365400946463271,
      15.358778209502466,
      15.344580478498182,
      15.343231529127044,
      15.342496870203718,
      15.334065154019893,
      15.334065154019893,
      15.33396651092244,
      15.333946648736916,
      15.325845856807652,
      15.325554802823614,
      15.325043845615696,
      15.324183643880948,
      15.322942412846942,
      15.322843938609662,
      15.322843938609662,
      15.322814817768583,
      15.317590136859323,
      15.317238537318369,
      15.317199299300867,
      15.317195979851267,
      15.317114274917028,
      15.316510113025819,
      15.314619596504837,
      15.312293645042583,
      15.311260910119657
    ],
    [
      19.92650808907237,
      19.840987367241052,
