{
  "parameter_values": [
    0.001,
    0.01,
    0.05,
    0.1,
    0.2
  ],
  "convergence_curves": [
    [
      108.58843703231636,
      108.58843703231636,
      108.58843703231636,
      107.75506878776574,
      105.0741364870324,
      103.7313345576041,
      103.7313345576041,
      101.6944157810969,
      98.10143052498593,
      98.0778774514682,
      96.10555808616343,
      95.89059366398601,
      95.8552907280797,
      94.74476598262835,
      94.72224192909856,
      92.41398879717316,
      92.41398879717316,
      92.41398879717316,
      91.98559471180975,
      91.08598855744826,
      91.06457432866604,
      90.56057380856352,
      90.39090248366935,
      90.39090248366935,
      90.30625022411567,
      90.30625022411567,
      89.62303626101539,
      88.27731832920676,
      87.22902420774771,
      87.07653794002879,
      87.07490259352943,
      87.07490259352943,
      87.032270014972,
      86.83960538894513,
      86.78458607774276,
      86.74520623223437,
      86.4318368953884,
      86.36869757938754,
      85.8837023442074,
      85.8837023442074,
      85.8837023442074,
      85.85068864629314,
      85.85068864629314,
      85.81441151681113,
      85.81441151681113,
      85.72715103857912,
      85.6373913821676,
      85.52203557198882,
      85.52203557198882,
      85.52203557198882,
      85.50151905264285,
      85.50151905264285,
      85.4377644611886,
      85.4377644611886,
      85.4377644611886,
      85.4377644611886,
      85.42111609020665,
      85.42084692691006,
      85.42084692691006,
      85.36454818805235,
      85.31890993519973,
      85.31890993519973,
      85.31890993519973,
      85.31890993519973,
      85.27154834418998,
      85.27149530321047,
      85.25505918127371,
      85.25505918127371,
      85.25505918127371,
      85.25505918127371,
      85.24557205633977,
      85.22293593551242,
      85.22293593551242,
      85.20709891236564,
      85.19493189473718,
      85.19493189473718,
      85.19493189473718,
      85.18814713279214,
      85.14454008184958,
      85.1443493841867,
      85.12832309829722,
      85.12832309829722,
      85.12832309829722,
      85.12832309829722,
      85.12832309829722,
      85.10322988280707,
      85.10322988280707,
      85.08375961018052,
      85.06939199404538,
      85.06939199404538,
      85.06939199404538,
      85.06939199404538,
      85.05640061427167,
      85.05640061427167,
      85.05266838026832,
      85.04359558577416,
      85.04359558577416,
      85.02190670494237,
      85.02190670494237,
      85.0215978900855,
      85.0215978900855
    ],
    [
      108.58843703231636,
      108.0415244709227,
      107.03129507229137,
      105.28984666090108,
      103.28092322035941,
      97.88232057163984,
      96.0725271412843,
      93.87857582094361,
      89.09950215637996,
      86.62060244344897,
      85.41876822059274,
      84.40560551811005,
      82.52011727409553,
      82.52011727409553,
      81.75753735811321,
      80.62440093220849,
      79.95493840223979,
      78.73719670207562,
      78.43785587291437,
      78.25358756686855,
      77.81300416804753,
      76.39551811454888,
      75.64891686788334,
      75.6042937114236,
      75.21541957886724,
      74.99460552744571,
      74.48846983603113,
      74.42277716832874,
      74.21897323373231,
      73.22217141883336,
      73.16192663398634,
      73.10431751296504,
      73.06300057637962,
      72.80844092145679,
      72.38220054069225,
      72.38220054069225,
      72.37480458913237,
      72.34322436703668,
      72.3404102627731,
      72.18889219536976,
      72.08366373203881,
      71.94529647995924,
      71.25314981599216,
      71.24736740003826,
      71.21529560041535,
      71.0315166460251,
      70.30559970617524,
      70.29267533266074,
      69.91240356745689,
      69.90149757207463,
      69.90149757207463,
      69.9004558467566,
      69.89923247820224,
      69.89693487948173,
      69.896097907146,
      69.896097907146,
      69.896097907146,
      69.89065828613636,
      69.88980390670253,
      69.88949977671334,
      69.88949977671334,
      69.88908382004533,
      69.88865072114514,
      69.88865072114514,
      69.88865072114514,
      69.88812838518578,
      69.88731989161828,
      69.88568821489967,
      69.88568821489967,
      69.88559347910281,
      69.88558843044017,
      69.88543800921758,
      69.88457619294444,
      69.88444344869302,
      69.88444344869302,
      69.88444344869302,
      69.88444344869302,
      69.8843058124468,
      69.88430278442966,
      69.88362437479753,
      69.88357456174148,
      69.88357456174148,
      69.8834832306434,
      69.8834832306434,
      69.8834832306434,
      69.8834832306434,
      69.88346953863937,
      69.8831040739843,
      69.8831028113502,
      69.8831028113502,
      69.8831028113502,
      69.88258244826133,
      69.88258244826133,
      69.88258244826133,
      69.88258244826133,
      69.88258175935196,
      69.88255378211502,
      69.88242749540566,
      69.88225759092452,
      69.88216457999694,
      69.8818889516991
    ],
    [
      108.58843703231636,
      107.86543276592548,
      107.5555205101472,
      103.1369091250832,
      98.1276634929163,
      95.17573378745652,
      90.52090645201278,
      86.93012590664559,
      78.91056241307814,
      74.82956909492046,
      72.75100248761319,
      69.57474560913629,
      69.54817610228419,
      69.21130955693945,
      66.30707125750664,
      64.66465580867093,
      64.33342576209233,
      62.75680415121393,
      61.48556068892323,
      60.35278609180998,
      58.3179642562377,
      55.69472678008147,
      55.50932101310171,
      53.22133200347838,
      52.79573903134885,
      52.736471937385076,
      52.41137096754943,
      52.100193669278305,
      51.72681686901107,
      51.4831692307463,
      50.22441660435563,
      49.30419849745612,
      49.166810054070076,
      49.07677183230295,
      49.072058317423235,
      48.88644304817569,
      48.782657920160034,
      48.735000787981676,
      48.54877226799482,
      48.34586849882669,
      48.314234108213086,
      48.314234108213086,
      48.26084428302152,
      48.08275206984219,
      48.05057232927012,
      48.045575530631524,
      47.925838566507764,
      47.91117141287343,
      47.908442282205804,
      47.88342905724425,
      47.88037752879935,
      47.81599581470611,
      47.81478223044432,
      47.81478223044432,
      47.804540394728086,
      47.80100607616037,
      47.80019247326907,
      47.785592448466,
      47.785592448466,
      47.78531895669687,
      47.77690327676995,
      47.774420549910005,
      47.77059476794983,
      47.762955137039995,
      47.75295644977408,
      47.75293083414185,
      47.74259269489706,
      47.72139986100589,
      47.72128989534765,
      47.72128989534765,
      47.7167729716469,
      47.7167729716469,
      47.700226828025684,
      47.699354574948316,
      47.697424006245605,
      47.695974274522825,
      47.61596850198225,
      47.61428611872503,
      47.54161476788685,
      47.54095799073193,
      47.54069231220201,
      47.54065958283869,
      47.538588971400756,
      47.53240363020403,
      47.53240363020403,
      47.530107383302735,
      47.52584110537653,
      47.52573937182456,
      47.52573937182456,
      47.52573936130841,
      47.52448440172064,
      47.5232345545228,
      47.5232345545228,
      47.52208074967576,
      47.51914689416313,
      47.51896560740519,
      47.51872043228218,
      47.5108882368386,
      47.50736942389317,
      47.50736942389317,
      47.49107702657826
    ],
    [
      108.58843703231636,
      107.25936615930286,
      103.32512695063515,
      98.57795204485765,
      96.08579125838506,
      88.63302693163581,
      83.95941416533175,
      82.8439649309299,
      81.32814156426623,
      78.3118946618986,
      78.22372472856624,
