{
  "parameter_values": [
    0.1,
    0.2,
    0.25,
    0.3,
    0.4
  ],
  "convergence_curves": [
    [
      108.58843703231636,
      108.0415244709227,
      107.42928138344143,
      106.41251693862466,
      106.03749081813189,
      104.44080760156741,
      98.35720282127754,
      95.3969856920779,
      93.201371326245,
      92.66963057195584,
      89.72355579666039,
      89.17925995389794,
      85.95422793732733,
      84.98551697315676,
      82.27781960352007,
      81.27263874228116,
      79.19048143980982,
      78.64270562124156,
      77.06637667460197,
      76.20383147866859,
      76.16987249197736,
      75.92585640175858,
      75.23403192486359,
      74.8909030086173,
      74.01621862903991,
      73.85805918631685,
      73.85805918631685,
      73.85805918631685,
      73.61405628321495,
      73.32073525364783,
      73.32073525364783,
      73.23727723096053,
      73.03663510058172,
      72.20536945274432,
      72.2053557971166,
      72.20441457797752,
      72.20441457797752,
      72.19853729983959,
      72.19853729983959,
      72.19833035340041,
      71.79164078816576,
      71.78848255041798,
      71.78848255041798,
      71.78848255041798,
      71.78839216652281,
      71.72206565610341,
      71.63642261275477,
      71.63642261275477,
      71.2239362126499,
      71.2239362126499,
      71.2239362126499,
      71.2239362126499,
      71.2239362126499,
      71.22314664877347,
      71.22102864792564,
      71.2186823079191,
      71.2148639585591,
      71.2148639585591,
      71.2148639585591,
      71.2148639585591,
      71.2148639585591,
      71.2148639585591,
      71.2148639585591,
      71.2148639585591,
      71.2148639585591,
      71.2148639585591,
      71.2148639585591,
      71.2148639585591,
      71.2148639585591,
      71.2148639585591,
      71.2148639585591,
      71.2148639585591,
      71.2148639585591,
      71.2148639585591,
      71.2148639585591,
      71.2148639585591,
      71.2148639585591,
      71.2148639585591,
      71.2148639585591,
      71.2148639585591,
      71.2148639585591,
      71.2148639585591,
      71.2148639585591,
      71.2148639585591,
      71.2148639585591,
      71.2148639585591,
      71.2148639585591,
      71.2148639585591,
      71.2148639585591,
      71.2148639585591,
      71.2148639585591,
      71.2148639585591,
      71.2148639585591,
      71.2148639585591,
      71.2148639585591,
      71.2148639585591,
      71.2148639585591,
      71.2148639585591,
      71.2148639585591,
      71.2148639585591,
      71.2148639585591
    ],
    [
      108.58843703231636,
      108.0415244709227,
      107.30489967061752,
      106.4943646156199,
      103.88259972619487,
      102.64336897656531,
      98.86288771095441,
      97.21138050282143,
      95.0022876201576,
      91.89885215875879,
      85.13886732297392,
      85.13886732297392,
      84.34774927167898,
      83.82432499922785,
      82.78252419280827,
      80.16824486875485,
      79.85035586046546,
      79.30849687004077,
      77.46314150830733,
      76.56299345286739,
      75.5310584599296,
      75.51484024127834,
      73.60511956262543,
      73.32798769158252,
      71.90885080956414,
      71.81115123286682,
      71.78822137461943,
      71.64450215356638,
      71.57978098411955,
      71.20769047778792,
      71.03333545793859,
      70.80748859661655,
      70.21512081424518,
      69.56702040284723,
      69.50723394568368,
      69.30953471728506,
      69.30953471728506,
      69.30953471728506,
      69.16949088842192,
      69.16949088842192,
      69.0639968368801,
      68.83835488308851,
      68.69192285245194,
      68.61581771787505,
      68.36931870102255,
      68.36931870102255,
      68.36931870102255,
      68.3491602178398,
      68.3491602178398,
      68.3491602178398,
      68.3491602178398,
      68.27683783153769,
      68.27312766054023,
      68.27312766054023,
      68.27312766054023,
      68.27312766054023,
      68.27312766054023,
      68.27312766054023,
      68.27217833513674,
      68.27217833513674,
      68.2597753976805,
      68.2597753976805,
      68.2597753976805,
      68.2597753976805,
      68.25968732250132,
      68.25967957344469,
      68.25965590535476,
      68.25952622217777,
      68.25952325803522,
      68.25916113703637,
      68.25916113703637,
      68.25916113703637,
      68.25877859804346,
      68.25877859804346,
      68.25877859804346,
      68.25877859804346,
      68.25877859804346,
      68.25869966907752,
      68.25869966907752,
      68.25869966907752,
      68.25869966907752,
      68.25869966907752,
      68.25865672796499,
      68.25865672796499,
      68.25864041533306,
      68.2586404127752,
      68.25864040383416,
      68.25864040383416,
      68.25864040100717,
      68.25864039805987,
      68.25864018592785,
      68.25863793613706,
      68.258636656631,
      68.25863571646246,
      68.25863571646246,
      68.25863433000697,
      68.25863430099794,
      68.25863429332142,
      68.25863424218764,
      68.25863424218764,
      68.25863415611327
    ],
    [
      108.58843703231636,
      108.0415244709227,
      107.03129507229137,
      105.28984666090108,
      103.28092322035941,
      97.88232057163984,
      96.0725271412843,
      93.87857582094361,
      89.09950215637996,
      86.62060244344897,
      85.41876822059274,
      84.40560551811005,
      82.52011727409553,
      82.52011727409553,
      81.75753735811321,
      80.62440093220849,
      79.95493840223979,
      78.73719670207562,
      78.43785587291437,
      78.25358756686855,
      77.81300416804753,
      76.39551811454888,
      75.64891686788334,
      75.6042937114236,
      75.21541957886724,
      74.99460552744571,
      74.48846983603113,
      74.42277716832874,
      74.21897323373231,
      73.22217141883336,
      73.16192663398634,
      73.10431751296504,
      73.06300057637962,
      72.80844092145679,
      72.38220054069225,
      72.38220054069225,
      72.37480458913237,
      72.34322436703668,
      72.3404102627731,
      72.18889219536976,
      72.08366373203881,
      71.94529647995924,
      71.25314981599216,
      71.24736740003826,
      71.21529560041535,
      71.0315166460251,
      70.30559970617524,
      70.29267533266074,
      69.91240356745689,
      69.90149757207463,
      69.90149757207463,
      69.9004558467566,
      69.89923247820224,
      69.89693487948173,
      69.896097907146,
      69.896097907146,
      69.896097907146,
      69.89065828613636,
      69.88980390670253,
      69.88949977671334,
      69.88949977671334,
      69.88908382004533,
      69.88865072114514,
      69.88865072114514,
      69.88865072114514,
      69.88812838518578,
      69.88731989161828,
      69.88568821489967,
      69.88568821489967,
      69.88559347910281,
      69.88558843044017,
      69.88543800921758,
      69.88457619294444,
      69.88444344869302,
      69.88444344869302,
      69.88444344869302,
      69.88444344869302,
      69.8843058124468,
      69.88430278442966,
      69.88362437479753,
      69.88357456174148,
      69.88357456174148,
      69.8834832306434,
      69.8834832306434,
      69.8834832306434,
      69.8834832306434,
      69.88346953863937,
      69.8831040739843,
      69.8831028113502,
      69.8831028113502,
      69.8831028113502,
      69.88258244826133,
      69.88258244826133,
      69.88258244826133,
      69.88258244826133,
      69.88258175935196,
      69.88255378211502,
      69.88242749540566,
      69.88225759092452,
      69.88216457999694,
      69.8818889516991
    ],
    [
      108.58843703231636,
      107.27077716102372,
      106.26826332958024,
      103.78061176849583,
      103.78061176849583,
      101.96086626193961,
      96.30346101259201,
      95.23648279282985,
      93.76123000581934,
      90.29926360639743,
      88.69329319759149,
      87.27863813849966,
      85.68303867257735,
      81.09926517335848,
