{
  "parameter_values": [
    1.0,
    1.2,
    1.5,
    1.8,
    2.0
  ],
  "convergence_curves": [
    [
      108.58843703231636,
      107.26787551809487,
      105.4863330747585,
      103.2239386001014,
      100.15723691685606,
      98.98419353503134,
      93.90323624834507,
      89.35228723176078,
      87.05248868777817,
      84.87939672333759,
      82.973054634551,
      81.19236494112133,
      77.39589895437197,
      77.08804624586716,
      74.87521112409304,
      74.21661719611238,
      71.18661781883324,
      69.85590739567066,
      69.22666160895174,
      69.15639694624761,
      68.21173845737312,
      66.33172276235231,
      65.7651931553426,
      63.62998903767285,
      62.6474184324657,
      62.59364822557768,
      62.36325233953187,
      62.29202730508596,
      62.094155560303776,
      61.63103542208647,
      61.48091834410957,
      61.25641093307324,
      61.22533552563307,
      60.964540958193155,
      59.333217051502174,
      59.2726332386326,
      59.154289568096694,
      58.83320972501158,
      58.8275800715266,
      58.75185771311611,
      58.62409005453852,
      58.40072523896172,
      57.675887207558254,
      57.43228633398513,
      57.20918710558426,
      57.09439494645619,
      56.81828741906645,
      56.81658566552293,
      56.77402822399595,
      56.592621968081424,
      56.5475768590724,
      56.42182422833938,
      56.12646610167822,
      55.784862599352905,
      55.76974360505162,
      55.71126937868358,
      55.71126937868358,
      55.60554688765708,
      55.30649795135501,
      55.22780300269774,
      55.19276324737316,
      55.06168711329607,
      55.024628739756814,
      55.00385744725876,
      55.00385744725876,
      54.95776171470578,
      54.94746633318174,
      54.8790039385784,
      54.777924512292806,
      54.75648256800851,
      54.73499799343672,
      54.71803438684067,
      54.68986060085979,
      54.66001121609857,
      54.65217067338283,
      54.62003856489573,
      54.55109113607716,
      54.53610817827173,
      54.53610817827173,
      54.53610817827173,
      54.526791090362984,
      54.5121101118762,
      54.51182652814663,
      54.49901484151367,
      54.49516603939456,
      54.47533939978996,
      54.41625742128309,
      54.411027101178504,
      54.260577209728105,
      54.260577209728105,
      54.19855221144367,
      54.19855221144367,
      54.13865062312461,
      54.13145211834776,
      54.062764356079924,
      54.033237991831164,
      54.032734698768515,
      54.03138967259167,
      54.02738131193801,
      54.02738131193801,
      54.0248093156304
    ],
    [
      108.58843703231636,
      107.65697548087192,
      106.09819896598927,
      103.3889103025978,
      100.18587463174991,
      96.6368416681191,
      92.80772006656838,
      90.38042783576165,
      87.33696964085775,
      85.55247698060734,
      84.89089055062243,
      82.31357174706078,
      79.22108834536994,
      78.43555799794885,
      75.61581664043494,
      74.84881559347025,
      74.48097316891564,
      74.15189054787302,
      73.24910282974484,
      73.04736964705722,
      72.13665206862903,
      69.82256503664418,
      69.42472272915636,
      68.91412207873054,
      68.76966797717616,
      68.42372099994677,
      67.6672746700985,
      67.54651106945106,
      65.65164640496178,
      65.12970281499355,
      64.6000051647978,
      64.11892682651374,
      63.8522784784495,
      63.74541677929117,
      63.192854011418035,
      63.127812338855996,
      63.09769422261593,
      62.75402864981366,
      62.706269631048784,
      62.66372254116728,
      62.2808001321647,
      62.0473596367331,
      62.03709574199146,
      61.817711916254915,
      61.81379348143457,
      61.72743450917328,
      61.72743450917328,
      61.658396007291095,
      61.63391855414072,
      61.59191101395896,
      61.48490376004291,
      61.48490376004291,
      61.48490376004291,
      61.450171162890186,
      61.38106858317732,
      61.38106858317732,
      61.376479553455226,
      61.244834978849475,
      61.24380502435845,
      61.1383350388806,
      61.1383350388806,
      61.1383350388806,
      61.13818976134481,
      61.13778245442484,
      61.1327602547349,
      61.06812652948855,
      60.79864294746562,
      60.79864294746562,
      60.79785798942434,
      60.79785798942434,
      60.7809425749189,
      60.78093475893036,
      60.78089026382709,
      60.43244128024118,
      60.43203507048865,
      60.43202091710555,
      60.4320118745076,
      60.42835142064297,
      60.428331971176455,
      60.42707929041303,
      60.39422013866107,
      60.385902708512994,
      60.38576774251427,
      60.38576774251427,
      60.38576774251427,
      60.38557387840749,
      60.38528336286015,
      60.38528336286015,
      60.37620003269067,
      60.37620003269067,
      60.37594306496419,
      60.37594306496419,
      60.37594306496419,
      60.37594158467353,
      60.37317368958829,
      60.37317368958829,
      60.37317368958829,
      60.371688172893144,
      60.36742148416361,
      60.362558943021575,
      60.362558943021575
    ],
    [
      108.58843703231636,
      108.0415244709227,
      107.03129507229137,
      105.28984666090108,
      103.28092322035941,
      97.88232057163984,
      96.0725271412843,
      93.87857582094361,
      89.09950215637996,
      86.62060244344897,
      85.41876822059274,
      84.40560551811005,
      82.52011727409553,
      82.52011727409553,
      81.75753735811321,
      80.62440093220849,
      79.95493840223979,
      78.73719670207562,
      78.43785587291437,
      78.25358756686855,
      77.81300416804753,
      76.39551811454888,
      75.64891686788334,
      75.6042937114236,
      75.21541957886724,
      74.99460552744571,
      74.48846983603113,
      74.42277716832874,
      74.21897323373231,
      73.22217141883336,
      73.16192663398634,
      73.10431751296504,
      73.06300057637962,
      72.80844092145679,
      72.38220054069225,
      72.38220054069225,
      72.37480458913237,
      72.34322436703668,
      72.3404102627731,
      72.18889219536976,
      72.08366373203881,
      71.94529647995924,
      71.25314981599216,
      71.24736740003826,
      71.21529560041535,
      71.0315166460251,
      70.30559970617524,
      70.29267533266074,
      69.91240356745689,
      69.90149757207463,
      69.90149757207463,
      69.9004558467566,
      69.89923247820224,
      69.89693487948173,
      69.896097907146,
      69.896097907146,
      69.896097907146,
      69.89065828613636,
      69.88980390670253,
      69.88949977671334,
      69.88949977671334,
      69.88908382004533,
      69.88865072114514,
      69.88865072114514,
      69.88865072114514,
      69.88812838518578,
      69.88731989161828,
      69.88568821489967,
      69.88568821489967,
      69.88559347910281,
      69.88558843044017,
      69.88543800921758,
      69.88457619294444,
      69.88444344869302,
      69.88444344869302,
      69.88444344869302,
      69.88444344869302,
      69.8843058124468,
      69.88430278442966,
      69.88362437479753,
      69.88357456174148,
      69.88357456174148,
      69.8834832306434,
      69.8834832306434,
      69.8834832306434,
      69.8834832306434,
      69.88346953863937,
      69.8831040739843,
      69.8831028113502,
      69.8831028113502,
      69.8831028113502,
      69.88258244826133,
      69.88258244826133,
      69.88258244826133,
      69.88258244826133,
      69.88258175935196,
      69.88255378211502,
      69.88242749540566,
      69.88225759092452,
      69.88216457999694,
      69.8818889516991
    ],
    [
      108.58843703231636,
      108.46870678909083,
      107.44289923961651,
      106.85251497781394,
      105.23951643313492,
      98.95574330237129,
      98.7976900366434,
      95.53255856760194,
      93.94241959537644,
      93.57288200838809,
      93.2854116396667,
