{
  "parameter_values": [
    1.0,
    1.2,
    1.5,
    1.8,
    2.0
  ],
  "convergence_curves": [
    [
      14675.831306123804,
      14556.73273395265,
      13894.558501243382,
      13451.353037978948,
      13203.499492983992,
      11763.059994205058,
      11018.043034589564,
      9819.458311117545,
      9059.401739407782,
      8706.193534182235,
      8352.632839367965,
      8159.690231431897,
      7807.665719025218,
      6938.879810043167,
      6572.059233392441,
      6171.780983705571,
      5812.613497153129,
      5499.44622741212,
      5384.20576877724,
      5295.874739048393,
      5173.0724539097555,
      4794.699765421279,
      4558.9745564725645,
      4444.064285347545,
      4338.796915676814,
      4193.457860231395,
      4036.241952632561,
      3564.8359779633306,
      3488.735477623601,
      3420.2872225424326,
      3278.9277962252186,
      3175.007904100879,
      3170.5441398698895,
      3060.020418279497,
      3019.135892382528,
      2986.252277876051,
      2981.8999325670757,
      2892.4080234300736,
      2854.250164120614,
      2816.971943274682,
      2789.2299867452216,
      2786.128484219207,
      2758.7185471223193,
      2723.25091260974,
      2702.035437703647,
      2685.64340356708,
      2616.727936859361,
      2616.059834703335,
      2616.059834703335,
      2615.804883176275,
      2606.9710041694793,
      2596.4370125601754,
      2596.2749164350043,
      2589.893405661761,
      2571.6663848336975,
      2571.6663848336975,
      2558.923431366817,
      2553.7928328657013,
      2550.859270084643,
      2540.937468912442,
      2537.5798469808824,
      2494.1933041234674,
      2492.0634420796127,
      2483.184661809874,
      2478.794138256483,
      2473.5750614615026,
      2456.6951174975607,
      2454.4105788105217,
      2442.5741401462765,
      2442.5741401462765,
      2440.3425483818655,
      2431.6247343908835,
      2412.9306935921036,
      2407.4172868289597,
      2403.8534377170445,
      2400.9331459226996,
      2399.6057071312557,
      2396.2826412306385,
      2395.8609477745563,
      2395.7287683353156,
      2356.08345021309,
      2341.348039690948,
      2341.348039690948,
      2341.348039690948,
      2330.8918320357793,
      2330.800077359026,
      2324.942149453665,
      2323.971575534652,
      2322.698672289948,
      2321.4527516148546,
      2312.9751707628593,
      2312.9751707628593,
      2311.5365065260617,
      2311.5358949264223,
      2311.5358949264223,
      2311.5358949264223,
      2306.22121143646,
      2285.139367361454,
      2285.139367361454,
      2284.728286697794,
      2284.6063884237838
    ],
    [
      14675.831306123804,
      14533.173729024285,
      14137.861736308361,
      13546.729727352504,
      13295.852036171647,
      12383.952180541037,
      11756.877682245875,
      11120.20227338835,
      10367.600962526685,
      9777.531299519234,
      9593.9569051528,
      9196.514588533282,
      9094.654660940458,
      8916.614397251626,
      8435.98331150275,
      8053.789473246067,
      7895.123749589142,
      7751.573024207844,
      7108.517493624847,
      6819.6808719219425,
      6629.872587690207,
      6627.978284536437,
      6562.5453988419395,
      6558.938734642664,
      6510.532950129676,
      6488.177274837692,
      6460.762551650476,
      6382.226237832247,
      6340.845924248855,
      6331.811711889907,
      6222.099528092214,
      6220.613810028365,
      6163.906008659066,
      6148.437093622582,
      6125.707369469167,
      6115.4037794615215,
      6068.349749563617,
      5989.821722813639,
      5986.565004253539,
      5963.901301585448,
      5948.325026703351,
      5946.1746035306915,
      5944.173831351339,
      5923.304372733839,
      5919.003760825353,
      5913.506965988002,
      5911.789940043366,
      5908.195610993383,
      5907.927535730095,
      5901.174379169263,
      5897.692886671075,
      5885.120975808275,
      5875.6761132796,
      5874.169144129331,
      5867.054602202139,
      5859.926108400684,
      5770.28128478211,
      5718.86498087957,
      5627.970816045924,
      5615.177555180764,
      5613.994452957648,
      5612.123417372026,
      5574.751142700863,
      5568.748278622797,
      5565.75991564014,
      5565.69576045569,
      5541.773277968533,
      5538.042267278495,
      5537.536469867622,
      5537.393760215879,
      5537.354652950025,
      5537.354652950025,
      5533.560439744247,
      5533.545703930034,
      5533.044342620609,
      5526.307007725531,
      5521.457060701889,
      5521.41595902024,
      5521.280303037651,
      5521.127351050347,
      5521.127351050347,
      5521.127351050347,
      5520.297492440104,
      5518.361195570091,
      5516.858140945476,
      5516.858140945476,
      5516.697497587224,
      5505.079592699287,
      5504.923897637009,
      5504.923897637009,
      5504.910672949108,
      5504.8114059892005,
      5504.550847735722,
      5504.385531396841,
      5504.072854922133,
      5502.98319852671,
      5502.9405014984895,
      5502.910871962083,
      5502.797439919523,
      5502.614016059753,
      5502.225708134954
    ],
    [
      14675.831306123804,
      14673.55608382462,
      14105.90290305308,
      13856.181918997341,
      13856.181918997341,
      12370.669052601334,
      11565.249768907455,
      10828.5309907257,
      9970.238077141941,
      9520.120562973392,
      9461.717867993653,
      9286.22917891148,
      8815.962010016976,
      8019.949030344343,
      7666.953245490079,
      7645.905287872575,
      7298.930025374783,
      7178.319194678067,
      7158.438295310023,
      7017.213879299343,
      6899.881404079031,
      6724.5388067935955,
      6596.7402868732115,
      6433.248484452188,
      6146.084595540996,
      6053.470787192197,
      6023.525066397672,
      5800.424829539907,
      5735.472320073707,
      5653.30389164848,
      5517.66934907971,
      5491.113887520916,
      5421.655254148838,
      5406.625423489278,
      5149.49260514218,
      5130.141552309773,
      5108.691465218836,
      5106.727659399528,
      5106.727659399528,
      5106.239081481297,
      5096.906520832064,
      5094.278406738771,
      5087.794317688103,
      5082.338716612473,
      5074.4157451027495,
      5068.508063374896,
      5063.880177197435,
      5057.743535519256,
      5053.25925655136,
      5000.112250923424,
      4985.726198000239,
      4982.951487151082,
      4982.575679880576,
      4982.575679880576,
      4978.674336835217,
      4978.628787665026,
      4976.49544592697,
      4972.269420720076,
      4972.269420720076,
      4972.269420720076,
      4967.217841094018,
      4967.182642252621,
      4965.037529268282,
      4964.6444196968905,
      4964.225785950648,
      4956.346720759779,
      4954.827678167422,
      4954.769547205798,
      4954.596079963539,
      4954.5782499868055,
      4953.127135109318,
      4949.050245868227,
      4947.534000735643,
      4947.534000735643,
      4942.17469523391,
      4942.137695790759,
      4942.137535068739,
      4942.0826658057995,
      4938.776275865741,
      4936.7430050272,
      4935.227437002697,
      4934.965745431413,
      4934.092413917364,
      4932.114683198555,
      4924.360914209782,
      4922.005419903108,
      4921.998207994714,
      4921.998207994714,
      4921.889338033796,
      4921.889338033796,
      4920.557316534065,
      4920.556942068064,
      4920.556942068064,
      4918.373616396029,
      4915.066930050404,
      4915.066930050404,
      4915.066376019856,
      4915.066217850699,
      4915.059720857574,
      4914.302701954803,
      4907.268265929316
    ],
    [
      14675.831306123804,
      14675.831306123804,
      14624.473434239806,
      14488.912049716655,
      14332.34458446124,
      12610.867742889659,
      11982.284824628126,
      11081.353203300654,
      10056.426505277926,
