{
  "parameter_values": [
    0.1,
    0.2,
    0.25,
    0.3,
    0.4
  ],
  "convergence_curves": [
    [
      14675.831306123804,
      14673.55608382462,
      14653.32884075803,
      14590.489113745303,
      14370.164820819726,
      14213.158522049804,
      13684.570383543663,
      12890.461859909368,
      12390.956257358699,
      12390.956257358699,
      12387.003506730138,
      12364.227988347706,
      12165.686662333599,
      11743.302891887946,
      11683.337606253697,
      11650.892616927664,
      11567.868028361514,
      11550.553964922288,
      11549.76628653647,
      11549.76628653647,
      11413.547537927516,
      11412.631832517805,
      11407.555413333499,
      11395.078152200951,
      11395.078152200951,
      11394.594729159646,
      11387.603554679621,
      11385.879706141517,
      11385.873635082153,
      11382.005121000493,
      11382.005121000493,
      11368.00577139494,
      11368.00577139494,
      11368.00577139494,
      11368.00577139494,
      11368.00577139494,
      11346.552535456252,
      11344.56846842722,
      11342.35073873528,
      11341.329925818975,
      11340.459240400238,
      11332.937091986778,
      11332.937091986778,
      11332.937091986778,
      11332.937091986778,
      11332.937091986778,
      11332.937091986778,
      11326.69569932214,
      11317.526331929079,
      11317.526331929079,
      11317.526331929079,
      11317.526331929079,
      11317.526331929079,
      11317.526331929079,
      11317.526331929079,
      11317.526331929079,
      11317.229283372015,
      11317.229283372015,
      11317.229283372015,
      11317.229283372015,
      11317.229283372015,
      11316.794696459956,
      11316.794696459956,
      11316.794696459956,
      11316.794696459956,
      11316.794696459956,
      11316.794696459956,
      11316.794696459956,
      11316.794696459956,
      11316.794696459956,
      11316.794696459956,
      11316.745607868588,
      11316.745607868588,
      11316.745607868588,
      11316.745607868588,
      11316.745607868588,
      11316.745607868588,
      11316.745607868588,
      11316.745607868588,
      11316.745607868588,
      11316.745607868588,
      11316.745607868588,
      11316.745607868588,
      11316.745607868588,
      11316.745607868588,
      11316.745607868588,
      11316.745607868588,
      11316.745607868588,
      11316.745607868588,
      11316.745607868588,
      11316.745607868588,
      11316.745607868588,
      11316.745607868588,
      11316.745607868588,
      11316.745607868588,
      11316.745607868588,
      11316.745607868588,
      11316.745607868588,
      11316.745607868588,
      11316.745607868588,
      11316.745607868588
    ],
    [
      14675.831306123804,
      14673.55608382462,
      13931.059265495109,
      13870.450365576567,
      13860.060153706954,
      13009.488991644213,
      12696.208316749844,
      12309.011876072767,
      12185.237659794893,
      10944.92823113067,
      10585.93708228328,
      10395.358907079017,
      10224.611249188387,
      10053.359786052471,
      9975.661029456041,
      9913.635641702593,
      9562.177252076503,
      9360.483259892979,
      8913.488686300663,
      8857.051261442786,
      8840.610253201205,
      8676.273283763712,
      8666.608576299512,
      8637.88753513939,
      8376.839905773784,
      8372.276294067686,
      8217.20232985257,
      8175.9805823368315,
      8172.616815187325,
      8133.967348071956,
      8103.658675371541,
      8070.847640290871,
      8046.911875958412,
      7898.569968122213,
      7844.936472169899,
      7771.313474053498,
      7767.0864278028,
      7767.07616307666,
      7756.547905499845,
      7702.302828786877,
      7687.4691923552355,
      7533.8189113149,
      7519.204255195958,
      7519.173680570338,
      7494.704695113997,
      7494.704695113997,
      7493.9752337595,
      7493.975002729176,
      7493.965478945912,
      7493.965226960461,
      7487.787802304949,
      7471.8565434907305,
      7471.7663018347885,
      7471.766139967066,
      7471.746637552725,
      7453.273954950886,
      7444.843057121359,
      7444.655299414381,
      7444.655299414381,
      7444.6480097682315,
      7441.04876767042,
      7441.04876767042,
      7429.827767567613,
      7367.450196452288,
      7367.254358968162,
      7367.254358968162,
      7367.030686686626,
      7367.030686686626,
      7366.772745737978,
      7366.724980286587,
      7358.44898048547,
      7358.447037684366,
      7357.835058865045,
      7357.8346787622695,
      7357.8346787622695,
      7357.8346787622695,
      7357.833637494378,
      7357.831777707131,
      7354.894869475987,
      7354.894869475987,
      7354.8948459043995,
      7354.8948459043995,
      7354.805123415354,
      7354.699520427164,
      7354.693441123384,
      7354.37744575289,
      7353.8826664818935,
      7353.8826664818935,
      7353.8826664818935,
      7353.8826664818935,
      7353.8826664818935,
      7353.882665716915,
      7353.881843027069,
      7353.881843027069,
      7353.881843027069,
      7353.881827998409,
      7353.881827998409,
      7353.801782528293,
      7353.801782187768,
      7353.8017818268445,
      7353.801781725559
    ],
    [
      14675.831306123804,
      14673.55608382462,
      14105.90290305308,
      13856.181918997341,
      13856.181918997341,
      12370.669052601334,
      11565.249768907455,
      10828.5309907257,
      9970.238077141941,
      9520.120562973392,
      9461.717867993653,
      9286.22917891148,
      8815.962010016976,
      8019.949030344343,
      7666.953245490079,
      7645.905287872575,
      7298.930025374783,
      7178.319194678067,
      7158.438295310023,
      7017.213879299343,
      6899.881404079031,
      6724.5388067935955,
      6596.7402868732115,
      6433.248484452188,
      6146.084595540996,
      6053.470787192197,
      6023.525066397672,
      5800.424829539907,
      5735.472320073707,
      5653.30389164848,
      5517.66934907971,
      5491.113887520916,
      5421.655254148838,
      5406.625423489278,
      5149.49260514218,
      5130.141552309773,
      5108.691465218836,
      5106.727659399528,
      5106.727659399528,
      5106.239081481297,
      5096.906520832064,
      5094.278406738771,
      5087.794317688103,
      5082.338716612473,
      5074.4157451027495,
      5068.508063374896,
      5063.880177197435,
      5057.743535519256,
      5053.25925655136,
      5000.112250923424,
      4985.726198000239,
      4982.951487151082,
      4982.575679880576,
      4982.575679880576,
      4978.674336835217,
      4978.628787665026,
      4976.49544592697,
      4972.269420720076,
      4972.269420720076,
      4972.269420720076,
      4967.217841094018,
      4967.182642252621,
      4965.037529268282,
      4964.6444196968905,
      4964.225785950648,
      4956.346720759779,
      4954.827678167422,
      4954.769547205798,
      4954.596079963539,
      4954.5782499868055,
      4953.127135109318,
      4949.050245868227,
      4947.534000735643,
      4947.534000735643,
      4942.17469523391,
      4942.137695790759,
      4942.137535068739,
      4942.0826658057995,
      4938.776275865741,
      4936.7430050272,
      4935.227437002697,
      4934.965745431413,
      4934.092413917364,
      4932.114683198555,
      4924.360914209782,
      4922.005419903108,
      4921.998207994714,
      4921.998207994714,
      4921.889338033796,
      4921.889338033796,
      4920.557316534065,
      4920.556942068064,
      4920.556942068064,
      4918.373616396029,
      4915.066930050404,
      4915.066930050404,
      4915.066376019856,
      4915.066217850699,
      4915.059720857574,
      4914.302701954803,
      4907.268265929316
    ],
    [
      14675.831306123804,
      14673.55608382462,
      14639.64059162662,
      14307.913419658833,
      13494.156145704113,
      12687.25950446097,
