{
  "parameter_values": [
    0.001,
    0.01,
    0.05,
    0.1,
    0.2
  ],
  "convergence_curves": [
    [
      14675.831306123804,
      14675.831306123804,
      14672.526832652515,
      14290.101858899066,
      14171.82477084981,
      13239.19090262265,
      13010.161645737982,
      12450.994236843628,
      11105.436150162019,
      11004.531736866946,
      10791.497917308705,
      10669.538859172557,
      10524.76485259841,
      9898.759940701533,
      9776.40494110784,
      9666.101753517369,
      9640.787523791276,
      9477.765735907013,
      9185.241935789012,
      8915.836909718797,
      8808.532869063481,
      8801.358742557339,
      8801.358742557339,
      8717.203253903202,
      8714.100091380236,
      8453.180162789693,
      8374.385111525928,
      8364.463396515206,
      8358.9315834615,
      8317.382512498956,
      8285.815368194362,
      8234.383833390933,
      8187.647517368244,
      8136.50145588608,
      8130.243957303375,
      8073.173410019987,
      8039.985880081416,
      8039.463524856381,
      7997.198728750057,
      7977.158049202524,
      7967.995065490449,
      7888.7210760215075,
      7796.176210359468,
      7795.169804718067,
      7795.169804718067,
      7795.169804718067,
      7794.688380677797,
      7793.548205982399,
      7771.2023740209725,
      7771.156612401147,
      7725.231836463649,
      7725.211322846434,
      7725.211322846434,
      7723.697123165252,
      7723.647569903338,
      7723.647569903338,
      7723.045711325028,
      7718.002993909213,
      7718.002993909213,
      7718.002993909213,
      7718.002993909213,
      7717.581691957889,
      7717.581691957889,
      7717.581691957889,
      7716.785849224356,
      7716.599288668626,
      7715.701591157078,
      7715.50023259579,
      7714.980434859994,
      7714.972318809225,
      7714.920125462604,
      7714.875720132599,
      7714.87000048841,
      7714.863156793226,
      7714.012858811376,
      7713.951378997702,
      7713.949821057546,
      7713.759417900411,
      7713.664260321522,
      7713.135933378037,
      7713.077977107842,
      7711.984184287122,
      7711.874177314154,
      7711.8720472270725,
      7711.868497002739,
      7711.845955706059,
      7711.257947678207,
      7711.257947678207,
      7711.255307726341,
      7711.255307726341,
      7710.9453935841475,
      7710.9453935841475,
      7709.65917028698,
      7709.446723414752,
      7709.444186997955,
      7709.4356310454,
      7709.433805132151,
      7709.006617776673,
      7707.078502943959,
      7707.078502943959,
      7707.077183354672
    ],
    [
      14675.831306123804,
      14673.55608382462,
      14105.90290305308,
      13856.181918997341,
      13856.181918997341,
      12370.669052601334,
      11565.249768907455,
      10828.5309907257,
      9970.238077141941,
      9520.120562973392,
      9461.717867993653,
      9286.22917891148,
      8815.962010016976,
      8019.949030344343,
      7666.953245490079,
      7645.905287872575,
      7298.930025374783,
      7178.319194678067,
      7158.438295310023,
      7017.213879299343,
      6899.881404079031,
      6724.5388067935955,
      6596.7402868732115,
      6433.248484452188,
      6146.084595540996,
      6053.470787192197,
      6023.525066397672,
      5800.424829539907,
      5735.472320073707,
      5653.30389164848,
      5517.66934907971,
      5491.113887520916,
      5421.655254148838,
      5406.625423489278,
      5149.49260514218,
      5130.141552309773,
      5108.691465218836,
      5106.727659399528,
      5106.727659399528,
      5106.239081481297,
      5096.906520832064,
      5094.278406738771,
      5087.794317688103,
      5082.338716612473,
      5074.4157451027495,
      5068.508063374896,
      5063.880177197435,
      5057.743535519256,
      5053.25925655136,
      5000.112250923424,
      4985.726198000239,
      4982.951487151082,
      4982.575679880576,
      4982.575679880576,
      4978.674336835217,
      4978.628787665026,
      4976.49544592697,
      4972.269420720076,
      4972.269420720076,
      4972.269420720076,
      4967.217841094018,
      4967.182642252621,
      4965.037529268282,
      4964.6444196968905,
      4964.225785950648,
      4956.346720759779,
      4954.827678167422,
      4954.769547205798,
      4954.596079963539,
      4954.5782499868055,
      4953.127135109318,
      4949.050245868227,
      4947.534000735643,
      4947.534000735643,
      4942.17469523391,
      4942.137695790759,
      4942.137535068739,
      4942.0826658057995,
      4938.776275865741,
      4936.7430050272,
      4935.227437002697,
      4934.965745431413,
      4934.092413917364,
      4932.114683198555,
      4924.360914209782,
      4922.005419903108,
      4921.998207994714,
      4921.998207994714,
      4921.889338033796,
      4921.889338033796,
      4920.557316534065,
      4920.556942068064,
      4920.556942068064,
      4918.373616396029,
      4915.066930050404,
      4915.066930050404,
      4915.066376019856,
      4915.066217850699,
      4915.059720857574,
      4914.302701954803,
      4907.268265929316
    ],
    [
      14675.831306123804,
      14458.16672196557,
      13765.744200546344,
      13234.415639267838,
      12964.054143659781,
      11613.529976549627,
      10739.8602055587,
      10356.946771297695,
      9205.712060958054,
      8636.382023260372,
      8138.400480028498,
      7819.048450705026,
      7574.333125222103,
      7048.649535580199,
      6346.5402511460425,
      5817.793252724357,
      5811.857106087501,
      5657.4928823979535,
      5475.189290921042,
      5133.506363386086,
      5094.791078899145,
      4776.688424998059,
      4558.354994114677,
      4501.842460373576,
      4161.824541512197,
      4030.679540656705,
      4022.3499596549227,
      3929.5865833065923,
      3823.9691604578707,
      3705.2273092935093,
      3603.8118372535073,
      3555.079029285445,
      3486.593324891318,
      3461.3979824960543,
      3396.377513116411,
      3386.8220407256003,
      3344.087940216976,
      3295.2976616678984,
      3271.49504783642,
      3257.007209542656,
      3224.137116550738,
      3150.238392646227,
      3128.8186130680824,
      3111.1647847717977,
      3055.3390912829072,
      3045.378749864363,
      3041.69417463298,
      3029.140501190653,
      3007.285449541504,
      2981.9092024929564,
      2972.856082378691,
      2971.3619424496583,
      2952.477366315209,
      2945.5730289057087,
      2918.936257259541,
      2872.894748996422,
      2869.3391187034895,
      2842.8499639021193,
      2839.623368930118,
      2837.8507829842783,
      2823.21694473469,
      2822.533548579665,
      2813.18379137071,
      2810.709836126539,
      2800.274704488647,
      2791.2319729472583,
      2772.186423400995,
      2769.8097239816116,
      2760.2505440066748,
      2750.9837924087724,
      2750.705108601453,
      2750.65689385918,
      2749.8407352328577,
      2747.347785222024,
      2736.1252407280417,
      2735.160845367986,
      2730.068393741468,
      2729.3480872704317,
      2726.744930508491,
      2726.729282798596,
      2726.4360951560393,
      2721.1388778577784,
      2721.115410689437,
      2720.666922880327,
      2720.018410441612,
      2714.2338112309376,
      2712.739214280386,
      2709.9361793397866,
      2709.2374893658184,
      2707.69009897474,
      2707.588743846051,
      2707.588743846051,
      2707.345793645217,
      2706.393713094415,
      2705.4951505994554,
      2704.610397469721,
      2704.3035831021057,
      2702.9914659216706,
      2702.9914659216706,
      2699.435127366797,
      2699.370219077164
    ],
    [
      14675.831306123804,
      14245.585673530202,
      13342.060684993465,
      12545.485354502678,
      11473.809110838558,
      10687.858877990315,
      8958.263080032175,
      7622.574678960371,
      6357.469962927427,
