algorithm,function,parameter,value,best_mean,best_std,best_min,best_max
PSO,ackley,w,0.4,0.6206088531509318,0.8035629061553576,6.73040152499027e-08,2.5787424712496976
PSO,ackley,w,0.6,0.0002690581248590895,0.00015583465364166387,6.439884832376563e-05,0.0007231247853138889
PSO,ackley,w,0.8,0.5959438775687901,0.37569306147519316,0.1600134917244742,1.9166333285452208
PSO,ackley,w,0.9,3.2514974035204625,0.5214974521870471,2.4197040730725807,4.825390258378363
PSO,ackley,w,0.95,3.8662128890191925,0.6321927041606902,2.5887173034934183,5.164612238964967
