algorithm,function,parameter,value,best_mean,best_std,best_min,best_max
PSO,rastrigin,c1,0.5,33.46891489194454,10.622983213453518,14.875739234181339,54.85331820624042
PSO,rastrigin,c1,1.0,32.87430882373846,10.424640142937715,10.456180627796613,52.06661459328943
PSO,rastrigin,c1,1.49445,34.3785837820056,9.428062384904868,12.703365802400242,48.64664052761762
PSO,rastrigin,c1,2.0,36.169561347454106,9.070121243395514,14.734501687917515,52.044194383356306
PSO,rastrigin,c1,2.5,37.49948265388166,8.942978693134826,22.11595934796351,61.077729659530824
