algorithm,function,parameter,value,best_mean,best_std,best_min,best_max
PSO,sphere,w,0.4,0.00025634175085894315,0.0008342034237537726,5.425578085626895e-14,0.004258266304090128
PSO,sphere,w,0.6,3.095418534333455e-07,2.934842141761025e-07,1.9456110454234303e-08,1.2665514465291099e-06
PSO,sphere,w,0.8,0.4072689128773689,0.30638126961014966,0.03917119741621254,1.636281685054185
PSO,sphere,w,0.9,16.605255753523267,9.77311501255249,2.114981346829165,37.28221326329371
PSO,sphere,w,0.95,32.56598074652941,20.77544568153753,4.789714038027555,76.86712786030549
