{
  "parameter_values": [
    0.5,
    1.0,
    1.49445,
    2.0,
    2.5
  ],
  "convergence_curves": [
    [
      92.02790297931871,
      90.1694133835657,
      81.88537864629514,
      77.76722317775675,
      74.18956930937301,
      70.1775473101238,
      69.95067477729481,
      68.58418934542311,
      66.33494946296592,
      66.13907655509593,
      65.29284159555837,
      63.467514157261654,
      63.467514157261654,
      61.89310719593947,
      61.242545289421315,
      60.04071096346044,
      59.51573310309274,
      57.9274602475089,
      57.19662614448183,
      56.82295080522956,
      56.421889336395274,
      55.89318483758877,
      53.97144614400954,
      52.70832600333121,
      52.49964703305228,
      52.49964703305228,
      51.45131824753994,
      50.53020973147167,
      49.47447800098681,
      49.428016023057076,
      49.33069427789044,
      48.98428638692386,
      48.89842835610815,
      48.361448910727674,
      48.24305995559074,
      47.318530816018125,
      47.21679715032046,
      47.136402771875844,
      47.056388759644435,
      47.05211485288651,
      46.745340714047465,
      46.33003882317787,
      45.715113131086255,
      45.33649168649241,
      44.52800138460074,
      43.85767560914641,
      43.81219110719177,
      43.78947982346458,
      43.72102351747549,
      43.54730913493719,
      42.76223148701101,
      41.85470170601899,
      41.4809281846079,
      41.089539262084564,
      40.629945689933926,
      40.51961982886687,
      39.98456183758325,
      39.90704094460163,
      39.895707475544626,
      39.74824223722407,
      39.67198781466438,
      39.19166158521545,
      39.15022426610931,
      38.93484486974942,
      38.574498785456505,
      38.142410746019515,
      38.09828658216404,
      38.07219984925177,
      38.0530460143741,
      37.87290573271313,
      37.87060563452151,
      37.85283505186154,
      37.8282785956293,
      37.81927050848584,
      37.740073723721856,
      37.739548711715194,
      37.314704173704826,
      37.297364993953174,
      37.07261188710682,
      36.97130763041536,
      36.95051097020474,
      36.51194273633145,
      36.44064249356566,
      36.21882361554005,
      36.05800508033325,
      35.989857067926906,
      35.44168221445018,
      35.339935912899506,
      35.31977620034052,
      34.98818803956802,
      34.971728635934234,
      34.66899212462334,
      34.593366328714836,
      34.591892265527754,
      34.534071494364824,
      34.53379547387719,
      34.50740090419985,
      34.50691570719108,
      33.75476135727716,
      33.656149570695774,
      33.46891489194454
    ],
    [
      92.02790297931871,
      90.1694133835657,
      83.30686891549112,
      77.84270310967791,
      73.06959464326421,
      70.50763749956916,
      68.46742153011081,
      66.97285765182416,
      65.49147203785684,
      65.23382733330354,
      64.03464742227295,
      61.64413681907256,
      61.114600732202284,
      59.83839551760097,
      58.02998624121108,
      57.96588294627317,
      56.28944334130199,
      55.81756632067075,
      55.25226569746497,
      54.281630565373256,
      53.35860214694207,
      52.56125890624858,
      52.5100353274912,
      52.5100353274912,
      52.5100353274912,
      52.08119184990768,
      51.40921251590047,
      51.29637341458291,
      50.83138713938588,
      50.35988085196278,
      49.33785246718417,
      49.12140414751161,
      48.07330072029523,
      47.83941242086794,
      47.768104768172314,
      47.20243888009744,
      46.10135718144407,
      44.708565888462424,
      44.58711941065543,
      44.11881542712813,
      44.02859900079661,
      43.54030101335555,
      43.06214145327051,
      42.82403099155699,
      42.69322214174809,
      41.90136255611297,
      41.36598868359582,
      41.0241049251289,
      40.85221327605456,
      40.85221327605456,
      40.71868274266529,
      40.71868274266529,
      40.27576533630827,
      40.13614499274004,
      39.938688200513376,
      39.938688200513376,
      39.794028100008845,
      39.44557652695902,
      39.44557652695902,
      39.12436148213001,
      39.091439622695624,
      39.091439622695624,
      39.091439622695624,
      38.97464073386809,
      38.7126623532729,
      38.31288639828963,
      38.09280236088974,
      38.09280236088974,
      37.99195835560142,
      37.99195835560142,
      37.65812408850808,
      37.52492622334814,
      37.17204244058382,
      37.12372501785591,
      36.69224606543977,
      36.59218057287223,
      36.522246498132525,
      36.442404153708985,
      36.43089309257599,
      36.43089309257599,
      36.131623343301804,
      36.07327669111411,
      36.03111133759467,
      35.65214466063311,
      35.284123426649145,
      35.18293651178707,
      35.09651700020918,
      34.94278236003443,
      34.94078537944756,
      34.69010380571539,
      34.47711414126094,
      34.40431660597529,
      34.39446124727892,
      34.10111332805979,
      34.10111332805979,
      34.010540955295376,
      33.94095350286221,
      33.06664268041267,
      33.012579409124946,
      32.98423562397683,
      32.87430882373846
    ],
    [
      92.02790297931871,
      90.1694133835657,
      84.05161267227119,
      79.9670276471429,
      73.79014180470082,
      71.49657593294833,
      68.81698010557633,
      65.30229085311427,
      63.78620562944296,
      62.51557609105565,
      61.489393826022365,
      59.30459647337081,
      56.24934379033136,
      55.523287036575624,
      53.77359204992864,
      53.10707663113779,
      52.7796584753526,
      52.33998860119731,
      51.36294001922627,
      51.223211987204785,
      51.223211987204785,
      50.18956148155731,
      49.321184199416514,
      48.93975093740049,
      48.12551891754578,
      47.387779039980465,
      47.00914383664158,
      46.80410798998118,
      46.7876112263702,
      46.7876112263702,
      46.63782918209778,
      46.54401024563067,
      46.072018270323994,
      46.072018270323994,
      45.47661198182748,
      45.40378630118309,
      44.97673985118175,
      44.97232298114738,
      44.97232298114738,
      44.79334213496534,
      44.701098256898646,
      44.4346352214021,
      44.09450530423398,
      43.27173303136264,
      43.121575238823134,
      43.012715926477114,
      42.44154809222308,
      41.32860150479025,
      41.32860150479025,
      41.1287222467879,
      40.90531384067857,
      40.90531384067857,
      40.90531384067857,
      40.68849708336898,
      40.53321949727664,
      40.53269603270901,
      40.53269603270901,
      40.122848917609595,
      39.69929503160395,
      39.49752697194836,
      39.49752697194836,
      39.38533087886146,
      39.38533087886146,
      39.38533087886146,
      39.36942249962778,
      39.19145600378218,
      39.15000133903384,
      38.95678824265519,
      38.900075475279124,
      38.900075475279124,
      38.900075475279124,
      38.54573272367985,
      38.28918298063184,
      37.49540638511051,
      37.49540638511051,
      36.96764767783996,
      36.83968743831215,
      36.448422650210205,
      36.19657261838776,
      35.97946036735763,
      35.97946036735763,
      35.84957942197877,
      35.84957942197877,
      35.63536849236507,
      35.5546654411252,
      35.5546654411252,
      35.5546654411252,
      35.5546654411252,
      35.35440269865877,
      35.35440269865877,
      35.353862309485635,
      35.353862309485635,
      35.29021171828577,
      34.89353921453922,
      34.6615150380859,
      34.58944300625233,
      34.495436631691746,
      34.495436631691746,
      34.495436631691746,
      34.3785837820056,
      34.3785837820056
    ],
    [
      92.02790297931871,
      90.1694133835657,
      83.68615718122513,
      78.65828895337395,
      73.00532227227936,
      68.35034460464462,
      64.92709519599883,
      64.54184993767942,
      63.96004703535153,
