{
  "parameter_values": [
    0.4,
    0.6,
    0.8,
    0.9,
    0.95
  ],
  "convergence_curves": [
    [
      18.786442365436724,
      17.653809692308037,
      14.364463986366559,
      13.244925725969171,
      11.96570684510652,
      10.706253883220514,
      9.412214528216628,
      8.365236410078085,
      7.625732116622895,
      6.853760366217041,
      6.241148913771876,
      5.588019401677466,
      5.064025075151892,
      4.530691881198534,
      3.9942929880759763,
      3.5027036913741525,
      3.0850936116109526,
      2.7698078433771287,
      2.5097990640280896,
      2.222469746993276,
      1.9235619431512343,
      1.695988258564743,
      1.5142844779433202,
      1.3641900008602783,
      1.2188112979613104,
      1.1067902778268233,
      1.0181088369590232,
      0.9499492742958586,
      0.9019989109072157,
      0.8585086430786236,
      0.8259970807351694,
      0.7860172461077679,
      0.7626495744877935,
      0.7447436131762338,
      0.7319202448403958,
      0.7190589869110511,
      0.6993814069875726,
      0.6877739818280126,
      0.6662262599214206,
      0.6563969631342123,
      0.6528589930992384,
      0.6503123358525719,
      0.647990657789214,
      0.6461119604524833,
      0.6332571127563148,
      0.6309580818640389,
      0.6296674871542626,
      0.6284194173974529,
      0.627501096670461,
      0.6263550022363308,
      0.6256474739520732,
      0.624902794401328,
      0.6243532910290434,
      0.6238383412722359,
      0.6233989524027415,
      0.6229894201712455,
      0.6226028102066015,
      0.6223576327607979,
      0.622165898601343,
      0.622024524868023,
      0.6219031020316023,
      0.6217858188237775,
      0.6216574542079621,
      0.6215681723107386,
      0.6214720691328538,
      0.6213822301804658,
      0.6213015632863267,
      0.6212268418331918,
      0.6211702465584125,
      0.6211176557739945,
      0.6210736564345339,
      0.6210302245430734,
      0.6209909437303893,
      0.6209494912427271,
      0.620913985697832,
      0.6208594100978396,
      0.6208356898908794,
      0.6208007152977267,
      0.6207792159642197,
      0.6207548445294062,
      0.6207346684655514,
      0.6207184521882322,
      0.62070611685558,
      0.6206959278337324,
      0.6206871891674909,
      0.6206784607265543,
      0.6206697556427705,
      0.6206611276346792,
      0.6206534723159414,
      0.6206460984072669,
      0.6206391779499465,
      0.6206333894163408,
      0.6206279034945461,
      0.6206230426008958,
      0.620619512170639,
      0.6206173179355342,
      0.6206155222361446,
      0.6206139100576102,
      0.620612237375927,
      0.6206105548719267,
      0.6206088531509317
    ],
    [
      18.786442365436724,
      17.71936467117886,
      14.587562706126409,
      13.652196740607225,
      12.433152675640509,
      11.507927309942584,
      10.820385632490645,
      10.051560460105717,
      9.357569995012101,
      8.651732563092107,
      8.017351739098265,
      7.27913519695792,
      6.7029224450856875,
      6.286479682090001,
      5.67989759185592,
      5.27599171495123,
      4.908910141933863,
      4.452292231873959,
      4.248199413208183,
      4.0176813510909435,
      3.7971628034172085,
      3.5051242795564455,
      3.239641753051153,
      3.0444018843685994,
      2.8815680697501,
      2.734219998262654,
      2.4813090039677297,
      2.243793692859423,
      2.053145547048913,
      1.9321407239086363,
      1.7667187869441394,
      1.5957077920379688,
      1.4288082724960325,
      1.2330268190259364,
      1.0568353230769083,
      0.9577470828512313,
      0.7968575406389499,
      0.668027771791179,
      0.563515294156842,
      0.4759343693454316,
      0.42154467631105025,
      0.37422379904958475,
      0.3377790340440854,
      0.29312844673509375,
      0.2594216500859867,
      0.22885010855889973,
      0.18279015322557512,
      0.14591183381016232,
      0.132612794655274,
      0.11852184400391351,
      0.09835729341442413,
      0.08292340900763688,
      0.0730941880412023,
      0.06379497840133862,
      0.05507584896143038,
      0.04750092501064597,
      0.04354227547291088,
      0.03780541487953935,
      0.03279361668385829,
      0.02935633323529728,
      0.027077749173725577,
      0.02317478046042322,
      0.021300953987733677,
      0.017815689490935416,
      0.016071339050880783,
      0.014647545545887979,
      0.012853318197509574,
      0.011088180448024895,
      0.010131829162630949,
      0.009139198242994783,
      0.008106749661561323,
      0.007298321656644162,
      0.0060854449334804585,
      0.005324926864308299,
      0.004757680398833338,
      0.004149800544411016,
      0.003670483397761348,
      0.0031811254113578435,
      0.0029783666865725125,
      0.0027720927385143017,
      0.002486449756163574,
      0.0021966755224481402,
      0.0020586508975642143,
      0.0017696129315906658,
      0.0016234572297107934,
      0.0014671206571367594,
      0.0013026892692066324,
      0.0011856909818071118,
      0.0010098370077491778,
      0.0008666824904380792,
      0.0007911836216394797,
      0.0007183097902434988,
      0.0006448543370120241,
      0.0005409159961179633,
      0.0004939358732393077,
      0.0004499842822649628,
      0.0004177152176020549,
      0.00037242178868360416,
      0.00033746181416439335,
      0.000302562581241587,
      0.0002690581248590895
    ],
    [
      18.786442365436724,
      17.899765977012034,
      15.356897020845091,
      14.710362555036166,
      13.873868882070196,
      13.194539863278196,
      12.573758411179261,
      11.887538778048258,
      11.08883043926922,
      10.432149121052154,
      10.115531809156215,
      9.38853159176109,
      8.802717719127035,
      8.21352505846304,
      7.815893161650706,
      7.352496807855999,
      7.054841220941216,
      6.84533093651041,
      6.685931194039619,
      6.359318021835275,
      6.169299799398322,
      6.096048993636098,
      5.8925251471100735,
      5.708364470629156,
      5.5376557607124814,
      5.35432704731125,
      5.168269325268759,
      4.875528836157417,
      4.794667639219951,
      4.683807901769653,
      4.610551049017181,
      4.4244589279996065,
      4.352327838530377,
      4.26627513895331,
      4.0949954925494065,
      4.006737960816014,
      3.9155984208165644,
      3.8556907065404165,
      3.7446165837072547,
      3.72204888741943,
      3.660233298224442,
      3.5866945619056603,
      3.4697512047768027,
      3.37101716175753,
      3.332427950569779,
      3.29413694950255,
      3.2361940587886164,
      3.154385020125869,
      3.083665389348029,
      3.028144836476721,
      2.967564292910445,
      2.9027424421117063,
      2.8703790320027363,
      2.8448540900625483,
      2.7700378615917955,
      2.7019852347970406,
      2.6402394064608816,
      2.5953888783107097,
      2.541638316294126,
      2.503394479956056,
      2.4598464316396087,
      2.3958367574214443,
      2.3752305630954047,
      2.3250371773350453,
      2.2816375090115617,
      2.248199540295602,
      2.1744940250321267,
      2.087939474909617,
      2.039998561252387,
      2.0253044243937883,
      1.9526241089663416,
      1.9238567422268138,
      1.8552383185844645,
      1.804969165243533,
      1.7284211833903844,
      1.6743337619403051,
      1.62604792164243,
      1.5557829597721309,
      1.4891713317142141,
      1.4616803637035838,
      1.4311736232272558,
      1.368054689687339,
      1.322459829872281,
      1.2977671243432696,
      1.243031474841417,
      1.1877371631772158,
      1.131245338706069,
      1.0985836802973283,
      1.0729441859353612,
      1.0100057494551016,
      0.9774142707435257,
      0.9332557560287499,
      0.9022203650780953,
      0.8418244690756197,
      0.8032926463869956,
      0.7595662059524881,
      0.7166231804824686,
      0.6949828538345505,
      0.6706177699501548,
