{
  "parameter_values": [
    0.5,
    1.0,
    1.49445,
    2.0,
    2.5
  ],
  "convergence_curves": [
    [
      18.786442365436724,
      17.995326934063847,
      15.708504650516566,
      15.43864597703894,
      14.861271700419707,
      14.648125840917272,
      14.35221934664268,
      14.023448062639671,
      13.474353224907937,
      12.94252915104771,
      12.471993609147688,
      12.189464201580694,
      11.689183120216892,
      11.390226951962534,
      10.971484352669822,
      10.739406691873047,
      10.584151811768155,
      10.365227004066254,
      10.17664914889688,
      9.72729990863485,
      9.531300880515241,
      9.2741277684687,
      9.164726014858918,
      8.907553848067266,
      8.726149689708631,
      8.516684767946217,
      8.420418149672248,
      8.274851362811749,
      8.106019288096293,
      7.893800280126495,
      7.7702142738682545,
      7.70664474265092,
      7.628322469080021,
      7.524319963029002,
      7.4195995471257055,
      7.263024862937788,
      7.136319131412175,
      7.095018747516081,
      6.930836149827649,
      6.874733142689374,
      6.773200772713121,
      6.670322550209009,
      6.581052294115969,
      6.557123448945864,
      6.421089739006458,
      6.343075223979409,
      6.255615647473244,
      6.214169337452659,
      6.133082667832481,
      6.12784786511011,
      6.050368851904063,
      6.040946020101865,
      5.920768288861776,
      5.844243099153761,
      5.753568165361974,
      5.6436685266670334,
      5.5865874857943005,
      5.541147917335149,
      5.504768489582819,
      5.481401549140418,
      5.450139501795651,
      5.404207908257154,
      5.355233852926054,
      5.320242607974156,
      5.313387352034303,
      5.28807025341819,
      5.239478334292203,
      5.2089944868967395,
      5.16555208927433,
      5.1606888899004675,
      5.122704136327328,
      5.0795246110724985,
      5.05305241153714,
      5.006979444696366,
      4.98997792085946,
      4.950451591130427,
      4.937084833609863,
      4.886762516730267,
      4.8509002065397375,
      4.822403375877333,
      4.794311356237064,
      4.774238871126178,
      4.743680024970327,
      4.735319442710333,
      4.711760322248022,
      4.667299467386637,
      4.61228538870119,
      4.601890050306649,
      4.579246474688711,
      4.564802817821743,
      4.5583817911753215,
      4.49290187162328,
      4.485343336106741,
      4.463098454836703,
      4.424931013255132,
      4.3839019582306324,
      4.3642454541230356,
      4.345940648989267,
      4.271109725464228,
      4.248195060362791,
      4.247891861357343
    ],
    [
      18.786442365436724,
      17.995326934063847,
      15.701805235338943,
      15.429660662088201,
      14.814489692030488,
      14.049305108302269,
      13.749527137444469,
      13.417056043059734,
      12.74709961367691,
      12.439585765233767,
      12.035127783741492,
      11.584748601417727,
      11.069412938190547,
      10.594559071896846,
      10.242444781232718,
      9.977748931499368,
      9.739447873722488,
      9.542080540900931,
      9.261183896868328,
      8.92116683344195,
      8.69433031445346,
      8.474843800531131,
      8.330895214115573,
      7.987827545208032,
      7.720304720195357,
      7.607278688182243,
      7.364613180507937,
      7.139016787033046,
      7.002488177871064,
      6.856422197892821,
      6.814856383049283,
      6.756779581022804,
      6.61916839792147,
      6.497237178514682,
      6.351008832953028,
      6.329687807905983,
      6.276213077379365,
      6.206887796506299,
      6.120261777787702,
      6.045082581378645,
      5.927615364811321,
      5.879527665384448,
      5.827781165322587,
      5.820387273328018,
      5.7834680215329985,
      5.735732538758204,
      5.689214833739347,
      5.6387372180123005,
      5.589049688416384,
      5.571803330465489,
      5.471692436787896,
      5.380028619674321,
      5.32406733718262,
      5.2543633403288,
      5.1823080003406625,
      5.08905655196399,
      5.03765126094306,
      4.979968819677286,
      4.946496712545332,
      4.87525981373894,
      4.861843236998226,
      4.808064016445879,
      4.800996802632501,
      4.774019795020856,
      4.718625381711907,
      4.695023160807161,
      4.64701335745302,
      4.633024496043352,
      4.6261222493852765,
      4.580107093139132,
      4.551379766147379,
      4.529080703616606,
      4.509602049008592,
      4.48570350527171,
      4.48570350527171,
      4.449512361606,
      4.4355873225922915,
      4.412697895287746,
      4.388106354522953,
      4.374614561566455,
      4.338989056459168,
      4.312978197708574,
      4.289865250293575,
      4.272084142459073,
      4.2632068760102015,
      4.202530629150344,
      4.145913202769583,
      4.131310655071519,
      4.085821846460687,
      4.046045225507375,
      4.033678353882124,
      4.005122990610796,
      3.9601541328711862,
      3.9574263927893107,
      3.943917843452554,
      3.9198648253955963,
      3.91425662687118,
      3.869686709089112,
      3.8597137953116896,
      3.841747140614645,
      3.823706768488019
    ],
    [
      18.786442365436724,
      17.995326934063847,
      15.702351469199924,
      15.322549597022219,
      14.64233374701151,
      13.90115229715279,
      13.437847401964149,
      12.984206267055033,
      12.43210079659545,
      12.11038453671281,
      11.582647432041203,
      10.871449975669798,
      10.521434213496104,
      10.22827964100395,
      9.872234467881709,
      9.555909016684122,
      9.213748330325524,
      8.78649533247428,
      8.668423160557426,
      8.425303955743393,
      8.206704127580188,
      7.695286203852468,
      7.452376787088131,
      7.291120730667709,
      7.216005724495256,
      7.066233438344665,
      6.9486662062686015,
      6.847702180647519,
      6.691933882352537,
      6.61668815173247,
      6.552982105969538,
      6.395153435073041,
      6.359999030534961,
      6.326864206891142,
      6.185045700695729,
      6.099348264515874,
      5.9725428914053,
      5.913017978058494,
      5.894806063461788,
      5.798181298094327,
      5.756116417971902,
      5.68558223791606,
      5.614525347752633,
      5.581401884606687,
      5.553225376972812,
      5.4587787395794996,
      5.33540305782251,
      5.265812711337899,
      5.164193016485124,
      5.160808706157324,
      5.142805055345919,
      5.142805055345919,
      5.117866679452736,
      5.071445066069865,
      4.985050551714673,
      4.924605118365491,
      4.892390077549966,
      4.839132434418374,
      4.811680928350264,
      4.793678059544856,
      4.752295453080726,
      4.7267925035900635,
      4.7060603426215675,
      4.702162016844752,
      4.637107597958096,
      4.599816832586494,
      4.595272843132921,
      4.56466732815333,
      4.534750114984118,
      4.518408915431322,
      4.503530487854126,
      4.486908920155694,
      4.4738255418514745,
      4.455343772572666,
      4.4318743077522145,
      4.358893829669455,
      4.33391464239351,
      4.3320108545160565,
      4.293199290225048,
      4.283430623256024,
      4.2732860830295785,
      4.267382604340063,
      4.204825762711654,
      4.165735651791713,
      4.153600099996867,
      4.137508561910462,
      4.0934907621452545,
      4.04949363639278,
      4.03859781375213,
      4.030572179168886,
      4.030572179168886,
      4.0096406610557525,
      3.9953190426122487,
      3.976311807048751,
      3.9662484745882653,
      3.939281240141091,
      3.906544276448496,
      3.8988573677666154,
      3.8988573677666154,
      3.875676979399595,
      3.8662128890191925
    ],
    [
      18.786442365436724,
      17.995326934063847,
      15.61300351345603,
      15.176935989832543,
      14.387875993105899,
      13.613376046819713,
      13.041579410468751,
      12.47312211379361,
      11.97966045764202,
