{
  "parameter_values": [
    0.4,
    0.6,
    0.8,
    0.9,
    0.95
  ],
  "convergence_curves": [
    [
      8490.471049225265,
      5974.181866880895,
      2676.4049482970063,
      2017.6693626797346,
      1466.8133324073278,
      946.3970845740965,
      660.8470812393327,
      435.60431491015123,
      330.11193834781784,
      207.31439533836348,
      141.93360587861397,
      97.88602070575142,
      65.27262847733799,
      42.96875129158466,
      29.344036033086855,
      21.07558863601853,
      15.340223655216018,
      10.558976602115308,
      7.8738456442931,
      5.403509218822223,
      3.920602268381925,
      2.8396429334997393,
      2.0825290668193563,
      1.5197327667958436,
      1.044480938866804,
      0.743331747178694,
      0.5112675598620847,
      0.35873288949074195,
      0.26382312921816525,
      0.19227406707607658,
      0.14172150099416625,
      0.10906701203942917,
      0.07416082134354078,
      0.06012129533275476,
      0.04682099352007236,
      0.0338402663332029,
      0.023217797308061266,
      0.017861998517895394,
      0.014622800376973681,
      0.011285752671400157,
      0.009043109464989131,
      0.0074044592359075595,
      0.00593979567291588,
      0.00519593943937835,
      0.004541672431398227,
      0.00398765132370204,
      0.003567725197342959,
      0.003168654046393239,
      0.002849455717878583,
      0.002545752131732095,
      0.002301825932581937,
      0.0021021089205858394,
      0.001934628362138295,
      0.00179952936313406,
      0.0016730384067277027,
      0.001568545922113737,
      0.0014733450964751124,
      0.001392801233824775,
      0.0013002021686112119,
      0.001217209177092308,
      0.0011317662732135427,
      0.001054923648439713,
      0.0009747767294148823,
      0.0009090721887960714,
      0.0008408208780575656,
      0.0007823767093594092,
      0.0007388239722299347,
      0.0007046511332137045,
      0.0006709562708409666,
      0.0006398738331632991,
      0.0005962688377092524,
      0.0005708954715356178,
      0.0005476359605849127,
      0.0005308656664050289,
      0.0005141140090746619,
      0.0004996316153005282,
      0.00048733924993616887,
      0.0004767203253276005,
      0.0004652541464915969,
      0.0004557976450474345,
      0.00044707643626955225,
      0.00043719076130901844,
      0.0004274584666930053,
      0.0004192306614246003,
      0.00041002478040731233,
      0.0004018895068599201,
      0.0003935744456176049,
      0.00038385551161756597,
      0.0003759201758196304,
      0.0003658808430248968,
      0.0003558779354914578,
      0.0003454043571191777,
      0.0003355758715335777,
      0.0003239184002331375,
      0.0003146572659536952,
      0.00030522956052599467,
      0.0002952082101491043,
      0.0002852639871555402,
      0.0002763603385275163,
      0.00026608479995766276,
      0.0002563417508589431
    ],
    [
      8490.471049225265,
      6425.306616081352,
      2844.9583796303727,
      2279.791578495671,
      1693.067629907539,
      1214.3852408240937,
      908.6343669887959,
      749.3924835663358,
      559.0758840208823,
      442.9844027284281,
      303.1545158281996,
      238.42478858048116,
      178.66714993246268,
      139.8474239364928,
      111.94937088146774,
      95.38316241733216,
      69.99779738870626,
      52.56487514114224,
      42.948820835969876,
      34.708592758307304,
      27.849351108513137,
      22.564140138398503,
      19.28122491827607,
      15.512306207937634,
      12.524023204614288,
      10.224002613782533,
      8.420031389225066,
      6.166512299245318,
      4.987183565979335,
      4.070236248405776,
      3.2184179045486627,
      2.3716758343124074,
      2.025704270295587,
      1.5236898637599292,
      1.285350585212515,
      1.0234994065787928,
      0.767274415980619,
      0.588770356871822,
      0.4523999712197298,
      0.3755687706826783,
      0.2985304070151755,
      0.2478072395136825,
      0.19188220212938098,
      0.16558438151813573,
      0.13743478438849124,
      0.11154640855245652,
      0.0845834275789063,
      0.06313469792978531,
      0.050411448766361285,
      0.03953137047048168,
      0.032920589170344655,
      0.027828842790160273,
      0.0215676456244176,
      0.01903406549821687,
      0.013851329242154597,
      0.010961526492161651,
      0.008885650286733573,
      0.006303049540902442,
      0.00520606219044784,
      0.004281483944276363,
      0.003240892252663621,
      0.002701906313558946,
      0.002133491835695392,
      0.0017073883752263496,
      0.0014042487549210186,
      0.000992275325324867,
      0.0008152933026280164,
      0.0007305666797111377,
      0.0005891026274330477,
      0.00047775562173461194,
      0.000369393304541461,
      0.0003004583200698113,
      0.00020783153769319816,
      0.0001815876801295945,
      0.0001457169341056159,
      0.00011627647844047675,
      9.95104299958942e-05,
      8.145071267417543e-05,
      6.050906635508021e-05,
      4.7190893128659294e-05,
      3.5635752487600266e-05,
      2.802154218479081e-05,
      2.2712280542450394e-05,
      1.6690688990283098e-05,
      1.3524138815073415e-05,
      1.1160141992173514e-05,
      8.04041322271615e-06,
      6.988008804072415e-06,
      5.588470446937752e-06,
      4.548198429887278e-06,
      3.7071926063006445e-06,
      2.7855721138199012e-06,
      2.2355706230900566e-06,
      1.683379928073789e-06,
      1.386664410036348e-06,
      1.1390330601544157e-06,
      8.869300112341815e-07,
      6.318140586004804e-07,
      5.369570719983623e-07,
      4.1737649714339436e-07,
      3.095418534333455e-07
    ],
    [
      8490.471049225265,
      6786.868403105491,
      3345.992125658227,
      2821.2011580353983,
      2147.110062735186,
      1766.1596361810034,
      1509.8969113708908,
      1257.7998414161725,
      1047.1111094800667,
      779.1212247907145,
      617.8508729157638,
      531.4625171386867,
      465.7941263578083,
      373.04955488586944,
      325.7697834065602,
      295.1358714032907,
      270.06600190985074,
      247.26781273712086,
      224.37327890424802,
      191.2720164462126,
      175.8923247647293,
      160.03587582874087,
      144.8099043614633,
      124.53105573914102,
      118.854385211993,
      107.89265316692872,
      92.97481731703286,
      78.27023614509784,
      70.27556308834966,
      66.1394443569637,
      63.23095606344153,
      59.76722682030193,
      53.26584542117861,
      47.888872986466296,
      41.87081879590598,
      38.900217187153814,
      36.19849683970759,
      33.076943336621426,
      31.39076794015629,
      29.82486939854686,
      26.86388702985289,
      24.586805630628266,
      23.13304985909642,
      20.411406013189506,
      17.32797738072678,
      16.59471127253134,
      14.856016109552323,
      13.955157218809369,
      13.548578134229263,
      13.133159709980582,
      12.700595227614617,
      11.601507688883608,
      10.904058970720163,
      10.23979246228087,
      9.780102875322155,
      8.9364003789995,
      8.184481277027105,
      7.621740912579124,
      7.263946931662885,
      6.889002327060251,
      6.142163299194806,
      5.617708294821982,
      5.17415439060517,
      5.054133882557995,
      4.677312495545791,
      4.310676591620926,
      3.755608040582513,
      3.6182248394493386,
      3.4522528057796147,
      3.180229265865957,
      3.077168537575403,
      2.8600344048881463,
      2.70942221648465,
      2.5491140971123016,
      2.3264625126949583,
      2.2722336819656026,
      2.1805117626637793,
      2.037318348468113,
      1.9496907662470693,
      1.7172885925411259,
      1.6099668200001458,
      1.5371570928141898,
      1.473628684986797,
      1.384196148267272,
      1.2809711386002478,
      1.2331848205532987,
      1.127153310127011,
      1.09860178436611,
      0.9910657972961425,
      0.8822710978194733,
      0.8249260153476118,
