{
  "parameter_values": [
    0.5,
    1.0,
    1.49445,
    2.0,
    2.5
  ],
  "convergence_curves": [
    [
      8490.471049225265,
      8339.346043450414,
      4663.256533304767,
      3988.880064835887,
      3570.47301165175,
      2883.195244991254,
      2563.497731577627,
      2098.14582118712,
      1767.2922589932664,
      1526.1122459213552,
      1305.970370991067,
      1107.017250535559,
      970.0685040335829,
      855.5880336859842,
      754.7803022008379,
      679.9936350521024,
      615.748490625234,
      551.7043947281072,
      517.8017099115821,
      449.57176277955,
      407.11266217379875,
      350.34221580278665,
      331.89211974586067,
      317.06349409021067,
      285.5700140287931,
      258.03871981153935,
      234.64079704385873,
      213.99943324811258,
      199.57705029642014,
      189.4425760355488,
      175.91999044035703,
      163.14750946850523,
      152.98810717561992,
      149.0871430816083,
      140.41017519723994,
      134.78600641728002,
      127.38222171695874,
      120.96711918794907,
      116.66817461788501,
      108.68156232772363,
      97.78798443223651,
      89.96140374188191,
      87.52432794436665,
      84.33424824541618,
      77.03908686962177,
      74.97393116490512,
      70.60103058970411,
      70.4209006467668,
      66.2644879378037,
      63.836962763931204,
      63.467648823639955,
      62.30770890867043,
      59.30677690121468,
      57.73769369359858,
      56.74214745194809,
      53.92785478806182,
      51.855836098232295,
      49.991484157446855,
      47.181243670555176,
      45.15547781391232,
      44.04843770403986,
      41.80469478548412,
      41.105104289829605,
      40.063902180806934,
      39.376687520869815,
      38.826078327591084,
      37.69595092443829,
      36.29670731329104,
      34.57721506930738,
      34.22435966108814,
      32.94367190118565,
      32.214768088689326,
      31.911772912944624,
      31.192647933095124,
      30.494460325425283,
      29.33295732433395,
      28.409769153612483,
      27.99418362596043,
      27.556105870462677,
      27.26337424079311,
      26.5919736318275,
      26.072021205662573,
      25.1950492577951,
      24.666591789844823,
      24.31222673074079,
      23.585542255923432,
      23.38162007585381,
      22.897612597258128,
      21.911353776073597,
      21.759511135492026,
      20.91303382931763,
      20.700567046627214,
      20.26741531328852,
      20.243453206782927,
      20.08353139989941,
      19.944801323096993,
      19.527721079694228,
      19.399503045137514,
      19.298677493744105,
      19.182117508446126,
      19.162335173609105
    ],
    [
      8490.471049225265,
      7615.3401504910435,
      4044.349101113969,
      3383.031909118776,
      2914.59426757271,
      2589.819367872807,
      2173.2535710298316,
      1935.633206934025,
      1709.6985573806019,
      1499.9259004196333,
      1349.4606767504906,
      1131.0023235322392,
      1013.59360364778,
      855.8873462613454,
      743.2956184710863,
      659.4383501746304,
      603.0898828829747,
      501.8647048966508,
      469.11192831516564,
      430.2153735484882,
      400.76949761837875,
      358.544849464116,
      330.1617644825065,
      304.77345609242053,
      287.1488462044869,
      267.3921770468368,
      248.1248772456947,
      232.25414611922076,
      221.0460455314558,
      199.17656143301775,
      190.81481713270898,
      168.1693358238648,
      163.57778527880853,
      159.11431207718005,
      147.2201963533827,
      132.6274447856584,
      123.24404498357451,
      118.03718826171485,
      116.26868638002453,
      113.09277060465053,
      110.77060417880462,
      106.32548459320758,
      102.83373744249351,
      101.13719846906316,
      97.31342989780688,
      93.96692038638012,
      92.05515405297272,
      89.41077276125405,
      87.98341550977652,
      87.44103404221285,
      84.47540317121413,
      81.87422129446752,
      79.13299604252242,
      76.76568546523843,
      74.47171350035592,
      72.46999808702829,
      68.98263932184354,
      66.60947404143049,
      65.5889588060595,
      64.70541372342059,
      61.762918771003775,
      58.91532437842458,
      57.124086360663384,
      55.78547104908072,
      54.17480412059605,
      52.66944595983191,
      51.869902145772,
      49.55809909404094,
      47.525168852706415,
      46.653176891331775,
      44.49192036936564,
      44.275591817296664,
      42.68592426417476,
      41.37334461566458,
      40.43936174640147,
      39.554042420612134,
      38.26859426363812,
      37.520794468585,
      36.54088612107098,
      36.07122721154471,
      35.52647760850741,
      34.697039098865304,
      34.26251751191505,
      33.61182081743603,
      33.055181372923286,
      32.77699689674391,
      32.1710678103752,
      30.986702902980593,
      30.771541315477844,
      29.917269606195326,
      29.092759069070503,
      28.55725524446107,
      28.087208179862998,
      28.04140022507737,
      27.958398189098556,
      27.86463872818399,
      27.75014734670486,
      27.49522040264298,
      26.630343904929056,
      26.416085758329228,
      26.1554093601925
    ],
    [
      8490.471049225265,
      7017.69371701253,
      3814.771758485281,
      3135.1932557324135,
      2694.051680240044,
      2212.068674866775,
      1941.006264658281,
      1656.703595106212,
      1405.8696005001946,
      1160.1250376582943,
      1023.8824547283779,
      914.5882865838947,
      760.8997584440278,
      643.1109608466767,
      565.6508655173815,
      515.8205679756869,
      495.2261636554669,
      445.9489517250339,
      399.3131662777997,
      386.040561434621,
      361.6099889082374,
      322.77651122964903,
      300.4646657054405,
      280.0324248301856,
      260.18578129681134,
      240.82132171560468,
      227.4457798620157,
      210.16343884200222,
      194.56054047833004,
      187.07912651594094,
      182.35361664912645,
      167.7937051029724,
      151.49879960087404,
      140.65532951551685,
      134.0681424181799,
      129.06303644627727,
      121.50265467388618,
      117.91416247536046,
      113.47549111527428,
      110.46470572373487,
      107.68852302332128,
      106.00902029325263,
      100.17544620142093,
      95.92581543235178,
      93.6744640019688,
      93.39465814874097,
      87.62336889306079,
      87.30149732998858,
      84.65187348116758,
      84.08669464676608,
      83.80862572160466,
      81.65564425173423,
      77.79270530368541,
      73.17574517849057,
      68.20320544518187,
      64.22245578500363,
      62.10469246073915,
      59.975564707325674,
      57.88056131291342,
      56.51399682693261,
      55.49013113802848,
      55.34210487164748,
      54.19778979434044,
      51.46768944924499,
      50.15359508017055,
      49.88045892352394,
      48.89821994660919,
      48.49859162713423,
      47.39002616484377,
      46.40882970844377,
      45.611233240523234,
      45.258447055327345,
      44.96299226622095,
      44.61691319493091,
      43.93230204209951,
      43.421038675372465,
      43.21647135347186,
      42.537134535559694,
      41.56599853686952,
      40.58279738173112,
      40.311846546748505,
      39.92703049033972,
      39.42517039841138,
      38.826503326796875,
      38.50456828258469,
      38.37209745355772,
      38.167609271140165,
      37.454386989710045,
      37.050010746216714,
      36.71646448449239,
      36.412617882579106,
      36.29538079166548,
      36.28268723683996,
      36.05330276935687,
      35.6834664019264,
      34.85238587183412,
      33.742881047938404,
      33.524759083304,
      33.40690172358452,
      33.08021102022238,
      32.565980746529405
    ],
    [
      8490.471049225265,
      6553.911850105578,
      3746.825243749459,
      3446.872635981685,
      2624.4368753646877,
      2275.621719826454,
      1950.1937161728554,
