{
  "parameter_values": [
    0.5,
    1.0,
    1.49445,
    2.0,
    2.5
  ],
  "convergence_curves": [
    [
      18.786442365436724,
      18.715287869011263,
      16.652351880266604,
      16.24822540862618,
      16.029357666534338,
      15.26440182563158,
      14.925794617119807,
      14.177020385965202,
      13.520743822019883,
      12.91320935323958,
      12.600319062365509,
      11.711733318715273,
      10.966793298732641,
      10.68851735557247,
      10.245728258192228,
      9.852029598481248,
      9.614903730615834,
      9.20540673663437,
      8.866804350415673,
      8.685881503893786,
      8.240423220348225,
      8.083563036218148,
      7.941221513302183,
      7.737154600682307,
      7.5816396349529205,
      7.377543831127464,
      7.212192740260041,
      6.994950834609381,
      6.829292028087001,
      6.651590578560161,
      6.502691750102225,
      6.166682662715475,
      6.121993145408794,
      5.936845396756273,
      5.776811134320679,
      5.7408752946766235,
      5.635635602136779,
      5.583877377988497,
      5.535927433908488,
      5.403979142486345,
      5.282679289482052,
      5.245983229554896,
      5.154811682511894,
      5.126928477485478,
      5.107034665011813,
      5.011492957085626,
      4.9014277911789055,
      4.865383745037032,
      4.764997401627025,
      4.725979527181483,
      4.690760802774616,
      4.578255836052349,
      4.508528660344835,
      4.415222876498848,
      4.3892157287659135,
      4.232051901268122,
      4.207713107366776,
      4.1756435669616545,
      4.0434721218210266,
      3.997834688037956,
      3.9517068017112265,
      3.869201997056101,
      3.8537677088341815,
      3.8147188091128106,
      3.795308764123479,
      3.761503598848155,
      3.718445431227649,
      3.705810143567826,
      3.667819820429561,
      3.633200498353955,
      3.6132821261692953,
      3.5753066660183648,
      3.5299381873127613,
      3.5158255603412116,
      3.4854786120360233,
      3.439488213549272,
      3.4299092534281828,
      3.413019022313966,
      3.3812754869177053,
      3.344294895040771,
      3.3302716018681835,
      3.2938712155786294,
      3.2685272124103113,
      3.2494062830482933,
      3.217384773003466,
      3.1749371991432978,
      3.1485912751211624,
      3.137187785436565,
      3.1084866597014043,
      3.095727068317082,
      3.061367461206254,
      3.0440502733187076,
      3.0366967298483667,
      3.0287704563630005,
      3.0280697101923058,
      3.0222027374107787,
      3.0140668173664835,
      3.006595903204761,
      2.987133671620361,
      2.981252032668468,
      2.9789243609285636
    ],
    [
      18.786442365436724,
      18.303001140365872,
      16.03419127753844,
      15.518702014553169,
      15.076403356010628,
      14.552148746997085,
      13.656570870903005,
      13.262513134828541,
      12.515989802349976,
      12.020427555275518,
      11.368935361512957,
      10.951929689637536,
      10.440590722019294,
      9.992157969227087,
      9.674808670257358,
      9.366700800272525,
      9.051540585690983,
      8.851249864569732,
      8.539855568886114,
      8.369424163898767,
      8.059272994597004,
      7.77319361193019,
      7.512898711285396,
      7.304986037122131,
      7.1358772059824815,
      6.9882104806666865,
      6.842774007223671,
      6.710235666329397,
      6.647748249947467,
      6.566309476158634,
      6.413888430846067,
      6.287185925381559,
      6.216588475928922,
      6.158897264159783,
      6.036707876069396,
      5.969264728800283,
      5.924318837174445,
      5.876852934279787,
      5.802509752522747,
      5.693517233965209,
      5.671443553105091,
      5.617164979200607,
      5.5495953806648455,
      5.438553463356281,
      5.373490401362896,
      5.32209287057945,
      5.299841732591196,
      5.267700332864403,
      5.2202864777254545,
      5.191640540156753,
      5.107223258690933,
      5.093234448028613,
      5.003189614082827,
      4.973936440711923,
      4.959160759986385,
      4.937879827115264,
      4.913213203296582,
      4.8928802890861185,
      4.812341480379326,
      4.748563594465304,
      4.696898770903349,
      4.689344561453142,
      4.662481578660667,
      4.631195934972777,
      4.5825438958706455,
      4.5544019504865405,
      4.535625736649764,
      4.4985349159973715,
      4.464150199983705,
      4.439725751267408,
      4.4315617233196525,
      4.4175941828385685,
      4.408881101291203,
      4.40195634308543,
      4.35377208369647,
      4.350845028770748,
      4.350756372228063,
      4.271056758443211,
      4.228933026927712,
      4.184608259059838,
      4.1671452114765195,
      4.147888348105514,
      4.126911908482366,
      4.101602908032388,
      4.093613173162416,
      4.091405930297002,
      4.0866734968018115,
      4.080354128767775,
      4.060546041669327,
      3.9941178641684947,
      3.9825519674012764,
      3.978109757092302,
      3.9718656228422264,
      3.957675241410606,
      3.941726410181106,
      3.9152436542183673,
      3.881311584146664,
      3.864362454486358,
      3.845351302837016,
      3.807770732303168,
      3.796001702414205
    ],
    [
      18.786442365436724,
      17.995326934063847,
      15.702351469199924,
      15.322549597022219,
      14.64233374701151,
      13.90115229715279,
      13.437847401964149,
      12.984206267055033,
      12.43210079659545,
      12.11038453671281,
      11.582647432041203,
      10.871449975669798,
      10.521434213496104,
      10.22827964100395,
      9.872234467881709,
      9.555909016684122,
      9.213748330325524,
      8.78649533247428,
      8.668423160557426,
      8.425303955743393,
      8.206704127580188,
      7.695286203852468,
      7.452376787088131,
      7.291120730667709,
      7.216005724495256,
      7.066233438344665,
      6.9486662062686015,
      6.847702180647519,
      6.691933882352537,
      6.61668815173247,
      6.552982105969538,
      6.395153435073041,
      6.359999030534961,
      6.326864206891142,
      6.185045700695729,
      6.099348264515874,
      5.9725428914053,
      5.913017978058494,
      5.894806063461788,
      5.798181298094327,
      5.756116417971902,
      5.68558223791606,
      5.614525347752633,
      5.581401884606687,
      5.553225376972812,
      5.4587787395794996,
      5.33540305782251,
      5.265812711337899,
      5.164193016485124,
      5.160808706157324,
      5.142805055345919,
      5.142805055345919,
      5.117866679452736,
      5.071445066069865,
      4.985050551714673,
      4.924605118365491,
      4.892390077549966,
      4.839132434418374,
      4.811680928350264,
      4.793678059544856,
      4.752295453080726,
      4.7267925035900635,
      4.7060603426215675,
      4.702162016844752,
      4.637107597958096,
      4.599816832586494,
      4.595272843132921,
      4.56466732815333,
      4.534750114984118,
      4.518408915431322,
      4.503530487854126,
      4.486908920155694,
      4.4738255418514745,
      4.455343772572666,
      4.4318743077522145,
      4.358893829669455,
      4.33391464239351,
      4.3320108545160565,
      4.293199290225048,
      4.283430623256024,
      4.2732860830295785,
      4.267382604340063,
      4.204825762711654,
      4.165735651791713,
      4.153600099996867,
      4.137508561910462,
      4.0934907621452545,
      4.04949363639278,
      4.03859781375213,
      4.030572179168886,
      4.030572179168886,
      4.0096406610557525,
      3.9953190426122487,
      3.976311807048751,
      3.9662484745882653,
      3.939281240141091,
      3.906544276448496,
      3.8988573677666154,
      3.8988573677666154,
      3.875676979399595,
      3.8662128890191925
    ],
    [
      18.786442365436724,
      17.84721372130598,
      15.484471234692446,
      15.073623321486837,
      14.215491354474164,
      13.663403971854315,
      13.100617871747222,
