{
  "parameter_values": [
    0.5,
    1.0,
    1.49445,
    2.0,
    2.5
  ],
  "convergence_curves": [
    [
      92.02790297931871,
      89.21171091237478,
      85.80093449366686,
      79.21207514533671,
      75.61493823051948,
      72.07585784658097,
      70.17637355756328,
      68.19254714465782,
      64.66995001497853,
      64.16982599087383,
      63.56429541513605,
      63.28297046328237,
      62.65568668716135,
      61.250371955211655,
      60.02126218888518,
      57.56793922472429,
      56.92891184055091,
      56.79003332671952,
      56.05909279329903,
      55.598812208492035,
      54.98847606957226,
      54.07546766223531,
      52.33039397955278,
      51.54443727365904,
      51.06600260812626,
      50.67610870925819,
      50.29653286847354,
      49.69462098161249,
      49.48923513540981,
      49.1811416904208,
      48.26855371758827,
      48.26855371758827,
      48.02589076279121,
      47.91808678601664,
      47.70679200570551,
      47.60723959475027,
      46.97933981245407,
      46.339769818998114,
      45.606071569811135,
      45.606071569811135,
      45.41691027553697,
      45.059244439048236,
      45.059244439048236,
      44.54806707970741,
      44.358987356002594,
      44.09751547195416,
      44.09751547195416,
      43.24387267506589,
      42.86885027985103,
      42.60383354567529,
      42.60383354567529,
      42.14940194045482,
      41.90295325076832,
      41.74384611905945,
      41.438872035501994,
      41.3396581942641,
      41.144462871214664,
      40.879288145766054,
      40.09555510621717,
      39.91588123441225,
      39.91588123441225,
      39.81680068511649,
      39.37496695653951,
      39.37496695653951,
      39.373974883874176,
      39.3683492833924,
      39.24962677056269,
      38.96354667636606,
      38.8603457282519,
      38.8603457282519,
      38.8399606263177,
      38.390047313816474,
      38.34923463227772,
      38.189049086072814,
      37.72352419468013,
      37.317623663867955,
      37.28994096792486,
      37.055211177477744,
      37.055211177477744,
      36.95464317873942,
      36.7692667473813,
      36.7692667473813,
      36.7692667473813,
      36.524400566063875,
      36.42405193732285,
      36.28452609040922,
      36.08810710223702,
      35.676957094153416,
      34.89045717219721,
      34.81078837862944,
      34.683499942097875,
      34.683499942097875,
      34.555862629783384,
      34.555862629783384,
      34.55282127914378,
      34.37872348346645,
      34.36667128803206,
      34.359318322993296,
      34.359318322993296,
      34.35790268647673,
      33.939073204051546
    ],
    [
      92.02790297931871,
      88.17690808338298,
      81.11351005107034,
      77.14358120877453,
      73.6944963328722,
      69.68346169844956,
      67.1186724255195,
      66.12027574270364,
      63.77376880349602,
      63.14302255556969,
      61.85651655451002,
      60.636663862334714,
      58.89510874524699,
      58.6546075580111,
      58.14760139617614,
      57.698815190486016,
      57.26343413835035,
      57.26343413835035,
      56.430889836222065,
      56.282832252625035,
      55.5058463505379,
      55.14079130455816,
      54.10589643470869,
      52.987163354297984,
      52.67056157839639,
      51.522351933672866,
      50.56278637360511,
      50.56278637360511,
      50.17817727873214,
      49.79790875417879,
      49.79790875417879,
      49.53355500318845,
      48.88569880621803,
      48.378763620137114,
      48.378763620137114,
      48.345093228361634,
      48.00442758661724,
      47.89101865924052,
      47.44906017246769,
      47.241394681101056,
      47.241394681101056,
      46.31501428014126,
      46.31501428014126,
      46.31501428014126,
      46.057706911431374,
      46.057706911431374,
      45.774152730913265,
      45.1479050285448,
      44.83185169482492,
      44.73140820877571,
      44.3893527981448,
      44.354337388544906,
      44.25002998790596,
      43.97431278050663,
      43.202952345707864,
      42.89237805527207,
      42.58585187742684,
      42.58585187742684,
      42.30031980210425,
      41.9755154198085,
      41.9755154198085,
      41.760946664218885,
      41.42343378394557,
      41.42343378394557,
      41.38792484320892,
      41.22613575869093,
      41.22613575869093,
      40.67103357434671,
      39.27811153733343,
      39.27811153733343,
      39.10888395320144,
      39.10888395320144,
      39.05261176045768,
      39.05261176045768,
      38.78677712001817,
      38.78677712001817,
      38.434594021278926,
      38.28758207673796,
      38.28758207673796,
      38.103767871405125,
      38.071749678359396,
      38.071749678359396,
      37.787510792649186,
      37.787510792649186,
      37.787510792649186,
      37.787510792649186,
      37.65447610870602,
      37.65447610870602,
      37.57627661581945,
      37.57627661581945,
      37.332541574785935,
      37.32613857505622,
      37.32613857505622,
      37.32613857505622,
      37.236882367172946,
      37.236882367172946,
      36.946969031821276,
      36.946969031821276,
      36.901846619416204,
      36.75151771300864,
      36.70075713559705
    ],
    [
      92.02790297931871,
      90.1694133835657,
      84.05161267227119,
      79.9670276471429,
      73.79014180470082,
      71.49657593294833,
      68.81698010557633,
      65.30229085311427,
      63.78620562944296,
      62.51557609105565,
      61.489393826022365,
      59.30459647337081,
      56.24934379033136,
      55.523287036575624,
      53.77359204992864,
      53.10707663113779,
      52.7796584753526,
      52.33998860119731,
      51.36294001922627,
      51.223211987204785,
      51.223211987204785,
      50.18956148155731,
      49.321184199416514,
      48.93975093740049,
      48.12551891754578,
      47.387779039980465,
      47.00914383664158,
      46.80410798998118,
      46.7876112263702,
      46.7876112263702,
      46.63782918209778,
      46.54401024563067,
      46.072018270323994,
      46.072018270323994,
      45.47661198182748,
      45.40378630118309,
      44.97673985118175,
      44.97232298114738,
      44.97232298114738,
      44.79334213496534,
      44.701098256898646,
      44.4346352214021,
      44.09450530423398,
      43.27173303136264,
      43.121575238823134,
      43.012715926477114,
      42.44154809222308,
      41.32860150479025,
      41.32860150479025,
      41.1287222467879,
      40.90531384067857,
      40.90531384067857,
      40.90531384067857,
      40.68849708336898,
      40.53321949727664,
      40.53269603270901,
      40.53269603270901,
      40.122848917609595,
      39.69929503160395,
      39.49752697194836,
      39.49752697194836,
      39.38533087886146,
      39.38533087886146,
      39.38533087886146,
      39.36942249962778,
      39.19145600378218,
      39.15000133903384,
      38.95678824265519,
      38.900075475279124,
      38.900075475279124,
      38.900075475279124,
      38.54573272367985,
      38.28918298063184,
      37.49540638511051,
      37.49540638511051,
      36.96764767783996,
      36.83968743831215,
      36.448422650210205,
      36.19657261838776,
      35.97946036735763,
      35.97946036735763,
      35.84957942197877,
      35.84957942197877,
      35.63536849236507,
      35.5546654411252,
      35.5546654411252,
      35.5546654411252,
      35.5546654411252,
      35.35440269865877,
      35.35440269865877,
      35.353862309485635,
      35.353862309485635,
      35.29021171828577,
      34.89353921453922,
      34.6615150380859,
      34.58944300625233,
      34.495436631691746,
      34.495436631691746,
      34.495436631691746,
      34.3785837820056,
      34.3785837820056
    ],
    [
      92.02790297931871,
      89.6427620447914,
      82.79475831307474,
      77.83547472499647,
      71.08519574438976,
      67.92142209727484,
      65.2626574837234,
      62.38427983582453,
      61.43689214676828,
