{
  "parameter_values": [
    0.5,
    1.0,
    1.49445,
    2.0,
    2.5
  ],
  "convergence_curves": [
    [
      8490.471049225265,
      7017.69371701253,
      3831.42129358096,
      3355.6297704299313,
      2988.4616492705877,
      2732.5311697040024,
      2379.5484747980126,
      2138.7032370908796,
      1845.8337272714489,
      1644.287960800468,
      1438.2601203984268,
      1307.2598495282753,
      1192.8559329773548,
      1097.256540498043,
      1003.9976129166855,
      915.3885680039605,
      857.2556896273098,
      782.3201940002759,
      674.2585738385088,
      617.3829876443633,
      568.2014745294458,
      524.660781149768,
      481.536565521362,
      450.4466046930885,
      411.44512599849526,
      396.8783977515715,
      376.63214453036557,
      369.5318756102384,
      332.40968937719504,
      304.95624370962315,
      287.04330157491853,
      267.2990656295463,
      264.6422716002536,
      245.2619010473656,
      238.45695329428054,
      230.06669680649884,
      227.6417293778286,
      206.61833448883792,
      197.30660768184933,
      190.51911590965125,
      187.4323742653617,
      179.78518376188748,
      176.80104298883828,
      169.8195499002679,
      164.15960481742385,
      161.70084377508263,
      152.0799898872747,
      147.50902238688067,
      146.09675468856983,
      140.66908838359416,
      137.7774322243475,
      134.91572092794917,
      131.93228750599204,
      122.40170383832175,
      119.94528745785507,
      115.52222738833373,
      111.16057126944901,
      106.42981351098915,
      101.96653964369956,
      99.75307224629502,
      97.6093672123272,
      96.09824934570743,
      94.49196641748352,
      94.09608062091998,
      91.64147447081312,
      88.15695505905681,
      85.31123928972167,
      80.2740437115722,
      77.18088335666842,
      76.27129542924268,
      74.34388120001526,
      71.05425920309908,
      69.33116745206476,
      67.40706517396052,
      66.66101567312367,
      65.85343045142065,
      65.10108590243509,
      62.75061243605482,
      61.60741946408386,
      60.768706016934246,
      58.29103149964133,
      55.56709461211471,
      54.33549372821803,
      51.91089957534634,
      50.05445781440256,
      49.05771871574731,
      47.2679439213349,
      45.91350661484889,
      45.145681026651644,
      44.72772726961844,
      44.42536163254057,
      44.05496829827394,
      42.93683873117843,
      42.63782587811308,
      42.54735144423304,
      41.81227272300994,
      40.79058316293072,
      39.72730338453941,
      39.543909257987075,
      38.56708704091617,
      37.83388450631421
    ],
    [
      8490.471049225265,
      7017.69371701253,
      3831.42129358096,
      3258.5962406530584,
      2841.6607996215307,
      2337.1977556826305,
      2047.8644419328048,
      1892.0282272414493,
      1630.1995509674302,
      1420.668065513122,
      1276.7411704780227,
      1152.6623183478719,
      1065.1526693786066,
      968.9804156946817,
      844.7344966145992,
      731.3035819175378,
      668.0455104500866,
      604.6339786230833,
      545.0702221606492,
      487.1480021937614,
      466.0184211341142,
      424.6479648105671,
      380.00857754868326,
      353.4753980658455,
      320.52216320716906,
      291.5983611497228,
      269.5060816800158,
      246.0344846496273,
      235.54558070122403,
      222.34822721118627,
      188.61675936811227,
      175.3371190249159,
      161.51714210649166,
      157.88849263823894,
      154.16027038782985,
      146.49917713530039,
      140.23359697785068,
      134.20101291451576,
      127.88039515168795,
      125.91420244007084,
      124.00676152976243,
      121.5394679079905,
      117.40414262444419,
      112.69025682778285,
      110.61946299543797,
      109.43119189950527,
      109.29821866620689,
      108.08595815417247,
      105.49442101807185,
      99.82624572132812,
      95.84390038688606,
      93.70180437154096,
      90.80332453682627,
      87.05544434043529,
      85.02883456265492,
      81.46881719130864,
      79.34385234584728,
      76.38033923356203,
      72.55161965463175,
      68.41716762528462,
      67.35135132259894,
      66.1784237882207,
      64.5802960522319,
      63.259709364652245,
      62.57838113781826,
      61.553200861042164,
      61.29624628018803,
      59.74077368536515,
      59.24285771855994,
      58.45420139228061,
      57.13390096130545,
      55.71568001976687,
      51.347267290157255,
      50.50607951441011,
      49.54397784163036,
      49.23905609382106,
      48.27435816108701,
      46.14997568749034,
      44.73525947520366,
      43.693346301356115,
      43.015245801827646,
      42.86718617280325,
      41.229739388822686,
      39.71119786153095,
      39.10943069538551,
      38.65393946640798,
      38.13162662586175,
      37.58003804836062,
      36.883209821600595,
      36.73805012581643,
      35.729864962887525,
      35.197287984800724,
      34.401577843392516,
      33.26954053079085,
      32.92637138234169,
      31.796394513281243,
      31.56848400821408,
      31.04592653685097,
      30.694209687422305,
      30.334963211751763,
      29.500635200115504
    ],
    [
      8490.471049225265,
      7017.69371701253,
      3814.771758485281,
      3135.1932557324135,
      2694.051680240044,
      2212.068674866775,
      1941.006264658281,
      1656.703595106212,
      1405.8696005001946,
      1160.1250376582943,
      1023.8824547283779,
      914.5882865838947,
      760.8997584440278,
      643.1109608466767,
      565.6508655173815,
      515.8205679756869,
      495.2261636554669,
      445.9489517250339,
      399.3131662777997,
      386.040561434621,
      361.6099889082374,
      322.77651122964903,
      300.4646657054405,
      280.0324248301856,
      260.18578129681134,
      240.82132171560468,
      227.4457798620157,
      210.16343884200222,
      194.56054047833004,
      187.07912651594094,
      182.35361664912645,
      167.7937051029724,
      151.49879960087404,
      140.65532951551685,
      134.0681424181799,
      129.06303644627727,
      121.50265467388618,
      117.91416247536046,
      113.47549111527428,
      110.46470572373487,
      107.68852302332128,
      106.00902029325263,
      100.17544620142093,
      95.92581543235178,
      93.6744640019688,
      93.39465814874097,
      87.62336889306079,
      87.30149732998858,
      84.65187348116758,
      84.08669464676608,
      83.80862572160466,
      81.65564425173423,
      77.79270530368541,
      73.17574517849057,
      68.20320544518187,
      64.22245578500363,
      62.10469246073915,
      59.975564707325674,
      57.88056131291342,
      56.51399682693261,
      55.49013113802848,
      55.34210487164748,
      54.19778979434044,
      51.46768944924499,
      50.15359508017055,
      49.88045892352394,
      48.89821994660919,
      48.49859162713423,
      47.39002616484377,
      46.40882970844377,
      45.611233240523234,
      45.258447055327345,
      44.96299226622095,
      44.61691319493091,
      43.93230204209951,
      43.421038675372465,
      43.21647135347186,
      42.537134535559694,
      41.56599853686952,
      40.58279738173112,
      40.311846546748505,
      39.92703049033972,
      39.42517039841138,
      38.826503326796875,
      38.50456828258469,
      38.37209745355772,
      38.167609271140165,
      37.454386989710045,
      37.050010746216714,
      36.71646448449239,
      36.412617882579106,
      36.29538079166548,
      36.28268723683996,
      36.05330276935687,
      35.6834664019264,
      34.85238587183412,
      33.742881047938404,
      33.524759083304,
      33.40690172358452,
      33.08021102022238,
      32.565980746529405
    ],
    [
      8490.471049225265,
      7017.69371701253,
      3737.2800400981273,
      3236.7710938104788,
      2617.839433810893,
      2267.924453070625,
      1843.1018378850072,
