{
  "parameter_values": [
    0.4,
    0.6,
    0.8,
    0.9,
    0.95
  ],
  "convergence_curves": [
    [
      92.02790297931871,
      84.30424056101974,
      73.26846909581256,
      66.84627761794461,
      64.20378396770747,
      59.316242597351405,
      54.05178589040302,
      49.55877990725253,
      47.66767362398166,
      44.75459691322876,
      41.01816463007011,
      35.75070338874023,
      33.4205190662566,
      30.362293750072244,
      28.454463705948456,
      25.13728249239536,
      23.43868420593582,
      20.845901282309992,
      19.343929164375773,
      18.161275001633705,
      17.000394682168363,
      16.38015198309458,
      15.725475990091622,
      14.873583229357227,
      14.460220410710681,
      13.97357275095061,
      13.715063218905803,
      13.38988678401801,
      13.167800716104766,
      13.0656652054921,
      12.83534620799725,
      12.549435029037799,
      12.407167501539236,
      12.325704793675214,
      12.097231846388395,
      12.00107114827201,
      11.894356808424117,
      11.821903483499703,
      11.721226406503693,
      11.651489023810006,
      11.582325803315793,
      11.50924226834409,
      11.439930268281227,
      11.39785475375245,
      11.374129539696439,
      11.322151627024802,
      11.30115844732349,
      11.274459481291963,
      11.257112435351107,
      11.200127463310329,
      11.165699011382292,
      11.147508901194932,
      11.127754988500449,
      11.122072828853316,
      11.120081821614452,
      11.119029021544298,
      11.106256014921605,
      11.103297497923004,
      11.10013104081047,
      11.098603857497551,
      11.095173901837216,
      11.093882609956335,
      11.091067835245406,
      11.08921391239831,
      11.08878064200605,
      11.087506295821603,
      11.086921303072417,
      11.062463580615786,
      11.059290997799554,
      11.053742541086342,
      11.052965624289383,
      11.052431645465074,
      11.052231198036283,
      11.03743575001647,
      10.970010193260693,
      10.969470137754145,
      10.968979941571797,
      10.968351036565537,
      10.882034723825829,
      10.881474375733797,
      10.880923526770932,
      10.876173906445928,
      10.851751082653426,
      10.72451675150266,
      10.694918827429882,
      10.659100137115482,
      10.565019862127993,
      10.516280815223919,
      10.49982680416343,
      10.397972221225169,
      10.396909660360668,
      10.396094672658288,
      10.392237046756627,
      10.388209250151018,
      10.37392074215676,
      10.371271552797031,
      10.37014805161658,
      10.368903417738302,
      10.367808843056673,
      10.365607427805852,
      10.363885931771026
    ],
    [
      92.02790297931871,
      88.38041647218287,
      77.30644083901083,
      73.17165466382457,
      68.86271264794534,
      63.53824179173856,
      59.64359825536887,
      57.744051412737605,
      55.46913321952174,
      52.76466785094943,
      48.733829206845556,
      47.282718163844244,
      45.67170151277789,
      44.51723821831932,
      41.05296802128933,
      38.880709634027646,
      36.325400792624855,
      33.4292025051928,
      31.548391519525904,
      29.791805601422062,
      28.556144343518366,
      27.125869809255878,
      25.456999098723603,
      24.247721459322086,
      22.914813095007965,
      21.900435540301267,
      20.620980657141914,
      19.217758157093872,
      18.40779384901247,
      17.596004370433025,
      17.170328427108483,
      16.171835130697684,
      15.520782168011527,
      15.104084856091445,
      14.607789381121796,
      13.991023314288311,
      13.586207722921328,
      13.278083165096177,
      12.901773357212345,
      12.798443730164502,
      12.612134095208654,
      12.450211630523588,
      12.355445930176462,
      12.224066281307005,
      12.019866373610009,
      11.805361798549978,
      11.716001052723511,
      11.539045244241088,
      11.429615664431209,
      11.296781839140483,
      11.216303429558028,
      11.070902255827631,
      11.00321489011994,
      10.949885452017035,
      10.84370869648577,
      10.780753341942319,
      10.659743149508843,
      10.619513333069767,
      10.5583419667072,
      10.524175657289069,
      10.516566373035479,
      10.448753110436382,
      10.4403298225438,
      10.38679962387561,
      10.361736999095921,
      10.353986618713234,
      10.328852701655594,
      10.319400739013757,
      10.3091569422499,
      10.302386510950408,
      10.270190200018003,
      10.181780357254514,
      10.16730176703186,
      10.12722478605619,
      10.122669907579658,
      10.108601190954095,
      10.104870031573746,
      10.103153166662018,
      10.100277952853581,
      10.08857906966278,
      10.08724581494814,
      10.08229606297854,
      10.080395728983506,
      10.062381216379613,
      10.052142534292944,
      10.047577848723952,
      10.033112501764075,
      10.03151552289919,
      10.029187503551805,
      10.02748469595692,
      10.026340864840721,
      10.024987685185843,
      10.024084363213811,
      10.023053896993895,
      9.993848511032422,
      9.97813892444135,
      9.96185413597971,
      9.957859075367598,
      9.9571766742739,
      9.95558377282094,
      9.954756513203526
    ],
    [
      92.02790297931871,
      89.1291888844863,
      78.05998552921173,
      73.77683906057194,
      70.6981783061829,
      67.57482505811603,
      65.37132566133943,
      64.03468072890747,
      60.78322477734169,
      59.0692633801783,
      57.41987476824141,
      56.93843769377137,
      55.305516855238125,
      54.04795534255023,
      52.722792056003875,
      50.23971768124477,
      48.85774684955444,
      47.811401567305005,
      46.581524417991325,
      45.712541069064564,
      44.47431100063544,
      43.660320925108664,
      43.051984115781536,
      42.53808071629332,
      42.36461553208225,
      41.63891095798526,
      41.228789995238245,
      40.457548199439344,
      39.5491827500914,
      39.03132501356113,
      38.28682818054224,
      37.73288160669764,
      36.44664069343545,
      35.52847314367562,
      35.13050653564084,
      34.24227832218659,
      33.39037884080734,
      33.18340779772136,
      32.161383563442435,
      31.682713594782577,
      31.301019520976286,
      31.10347968308809,
      30.335371895298074,
      29.99778825207793,
      29.845262631410495,
      28.48182369009815,
      27.994616476533267,
      27.641071831975076,
      26.47428560507765,
      25.969199825715066,
      25.86339193948047,
      25.624757394665014,
      25.404155502571378,
      25.23400471969491,
      25.066653650621575,
      24.535823293527056,
      24.372210261412437,
      24.094617522026724,
      23.498631013093355,
      23.294668148915942,
      22.7720424860365,
      22.403572246194532,
      22.005625629568673,
      21.167925797863195,
      20.47574827125064,
      20.13362862554828,
      19.695296640159807,
      19.32036688803419,
      19.240758244858082,
      19.063281026161622,
      18.874859216114075,
      18.649469219552838,
      18.38546514972181,
      18.184710658430394,
      17.995224549051485,
      17.79116099684785,
      17.437955622004544,
      17.20318147278011,
      17.14932451532604,
      16.892506328328544,
      16.66928744927032,
      16.254541264843215,
      16.04973283551749,
      15.801772524730852,
      15.666245109688719,
      15.473581476263224,
      15.417469360486283,
      15.381214344349804,
      15.153208636769715,
      15.13021036006262,
      15.055188808078537,
      14.819383981023721,
      14.747454834772446,
      14.65275009882166,
      14.44649698456673,
      14.376525352943368,
      14.35080084736582,
      14.179078242246812,
      13.873596855100406,
      13.786242053914371,
      13.736598655844839
    ],
    [
      92.02790297931871,
      88.37506408421298,
      81.056971126719,
      76.05113475637049,
