algorithm,function,parameter,value,best_mean,best_std,best_min,best_max
PSO,rastrigin,w,0.4,10.363885931771026,3.894889261162657,3.979914696027535,23.87897198443008
PSO,rastrigin,w,0.6,9.954756513203526,4.744845001572825,2.9848783936231627,19.949641097803323
PSO,rastrigin,w,0.8,13.736598655844842,6.1476862375129,6.509353148407115,32.72500617421109
PSO,rastrigin,w,0.9,29.14492067923327,8.62839301583545,9.270791405833052,46.20652423891849
PSO,rastrigin,w,0.95,34.3785837820056,9.428062384904868,12.703365802400242,48.64664052761762
