algorithm,function,parameter,value,best_mean,best_std,best_min,best_max
ABC,ackley,limit_multiplier,0.5,0.7953089511335822,0.38874028552896933,0.39613131262709844,1.405940171446876
ABC,ackley,limit_multiplier,1.0,0.7953089511335822,0.38874028552896933,0.39613131262709844,1.405940171446876
ABC,ackley,limit_multiplier,1.5,0.7953089511335822,0.38874028552896933,0.39613131262709844,1.405940171446876
ABC,ackley,limit_multiplier,2.0,0.7953089511335822,0.38874028552896933,0.39613131262709844,1.405940171446876
ABC,ackley,limit_multiplier,3.0,0.7953089511335822,0.38874028552896933,0.39613131262709844,1.405940171446876
