{
  "parameter_values": [
    30,
    50,
    75,
    100
  ],
  "convergence_curves": [
    [
      115.15122390173049,
      107.86106720004173,
      98.8670964551647,
      95.10800557389004,
      90.4089210135136,
      87.49717401459571,
      82.83000546791988,
      74.50628548341172,
      73.31271896944675,
      66.11188739893007,
      64.55299296173665,
      59.96756533226089,
      57.43423962428254,
      51.26059241516882,
      47.66191391309012,
      46.07042927646883,
      45.27377256761413,
      40.94586266458076,
      39.160902312531164,
      38.2039588164994,
      37.19439054621718,
      37.08294754120019,
      35.15449112239761,
      34.12935270740102,
      32.68071751793089,
      30.569094742039272,
      28.46847580126242,
      27.748484256010965,
      26.8974774535125,
      25.7409555134761,
      25.625479561261034,
      24.748081403889465,
      24.231371214087805,
      23.60055612688715,
      23.172564830405328,
      22.744763041130344,
      22.51989316749229,
      21.645140667062606,
      20.55705552755358,
      20.084926577759017,
      17.45308070128018,
      16.145352935509525,
      15.601893384340704,
      14.378498877750548,
      14.11004360681261,
      13.572104164014808,
      13.161835601711322,
      12.849934695040053,
      12.792481260200365,
      12.231471369247744,
      11.925532165070713,
      11.09795015435216,
      10.50937145578134,
      10.402091120065823,
      10.2574518581228,
      10.1349351341245,
      9.996442155074815,
      9.79339802377136,
      9.372755501303276,
      9.14141795901959,
      8.945555639485232,
      8.307159745105913,
      8.105476111307356,
      7.794902379564972,
      7.521989372608384,
      7.442030616530462,
      7.147739639903437,
      6.9778241359098185,
      6.883426101969738,
      6.7492802522004895,
      6.037774387647453,
      5.8288417250565185,
      5.773807496295532,
      5.772379914971971,
      5.7571347935392705,
      5.6607829796311835,
      5.354086874771356,
      5.213275220339227,
      5.037048847112457,
      4.926372891221881,
      4.590926226851576,
      4.535986493959717,
      4.345460204436366,
      4.256491426610208,
      4.195723411347899,
      4.170193800897292,
      4.079968333883441,
      3.973455052514049,
      3.9734302551862966,
      3.910874242129161,
      3.87158334133823,
      3.8521820257764703,
      3.7580834869291904,
      3.7281214182118063,
      3.7153264914100292,
      3.6591940782848766,
      3.538249673054088,
      3.485414785450607,
      3.4480596794844174,
      3.431921816080359
    ],
    [
      105.90158266357449,
      101.80341426378757,
      96.2162710738224,
      93.95834813399472,
      87.19108056413242,
      81.87685566712317,
      78.6953370074239,
      71.24970119600154,
      63.118943729207444,
      57.63703412771808,
      57.3191525606263,
      54.25036690943367,
      51.28906046828665,
      49.19471536333023,
      45.042010560039614,
      43.66829879052381,
      41.2961086510466,
      40.10352712593516,
      38.88136300079172,
      37.37087737444877,
      35.42327026143883,
      34.13864634823963,
      33.562147854085396,
      29.4603589729846,
      28.28142229325521,
      26.444384931749973,
      25.53566245288301,
      24.594730939732813,
      23.691710907397294,
      22.78415477627769,
      22.78128350725698,
      21.791023208128145,
      21.114244895712723,
      20.42944812365763,
      19.729304712289068,
      18.37504043299539,
      18.312898355534667,
      17.50859650199716,
      16.68862075121452,
      16.3292505453122,
      15.768237115057554,
      15.338220803405637,
      15.27552625125793,
      14.122925744796282,
      13.99483670909936,
      13.223226241407644,
      13.082834985835763,
      12.938935271362515,
      12.782033331743722,
      12.152860542364467,
      11.913928581580391,
      10.552705468606067,
      10.231823575437879,
      9.702033507476733,
      9.100060306648809,
      8.906574762685146,
      8.68125547724269,
      8.301087952693303,
      7.95316089378728,
      7.542584362941267,
      7.41595182034532,
      7.198761492916572,
      6.961376975020775,
      6.961376975020775,
      6.958379337378011,
      6.7357726282470525,
      6.5748843806269885,
      6.461913422141026,
      6.442549343358715,
      6.156782855448023,
      5.7139381354734295,
      5.524394573490952,
      5.343673763602477,
      5.095000746764588,
      5.017021103057006,
      4.7723101605099485,
      4.706689641613801,
      4.674583189836028,
      4.316600614070515,
      4.2872519553157264,
      4.070662315568766,
      4.063721644320434,
      3.924558539644818,
      3.7418532711635963,
      3.639251105335846,
      3.555851045551529,
      3.4654194061615895,
      3.375831327134378,
      3.3500229803895776,
      3.1707378452376416,
      3.1145091219038945,
      3.1081553870937286,
      2.9415014514502547,
      2.753565259346918,
      2.7086885772107694,
      2.7071547459840373,
      2.693289876167519,
      2.6672597067145913,
      2.660558276223732,
      2.651805939297573
    ],
    [
      97.40247145765703,
      90.92263870701406,
      86.21636723876337,
      80.20138844138584,
      76.5664985251884,
      71.16028635098913,
      69.70389196888124,
      66.11354794714956,
      63.105984999798196,
      58.20043033741268,
      56.22193408732757,
      52.903887427253984,
      51.029651616543795,
      50.51357304664857,
      44.565488285342525,
      41.44339553923018,
      38.888429802953624,
      36.847295225026976,
      35.79783760762233,
      35.03647685808197,
      34.00684982311593,
      32.92593974375176,
      31.029954274783613,
      30.04436580928381,
      28.37697672849786,
      27.533394304872758,
      25.367331723964526,
      24.491991765803895,
      23.892694573128917,
      21.820076601626887,
      20.718519576513135,
      19.89260706564216,
      18.472727493131163,
      18.000573830211614,
      16.849374016836634,
      16.37823898366749,
      15.67079986321642,
      15.058046063256597,
      14.216893517203431,
      13.609661482249114,
      12.946951197793055,
      12.880662120328063,
      12.276663474344293,
      12.10668583459876,
      11.446716587691522,
      11.168561462877562,
      10.473457672008033,
      9.967259569409626,
      9.623426977678282,
      9.56834347836298,
      9.51544735253363,
      9.299040389307685,
      8.658566529473577,
      8.426411015931738,
      8.2610003846715,
      8.00270887355152,
      7.538336177623549,
      7.396227450166447,
      7.272577644349532,
      7.169946529077879,
      6.8348260353239825,
      6.761489206536083,
      6.56440739086339,
      6.444505782192929,
      6.353537345746356,
      6.287594818784271,
      6.218062489639995,
      6.108642279911126,
      6.058745965105134,
      5.783535556158489,
      5.772314225192349,
      5.732878231288261,
      5.661454420903435,
      5.366846307581414,
      5.362905360582505,
      4.90840009320402,
      4.590554753980912,
      4.566201649332567,
      4.208428708630279,
      4.205479885591862,
      4.204749731231713,
      4.203103046852696,
      3.758462559090623,
      3.713645613098423,
      3.709573170213271,
      3.6807996821252105,
      3.6621366235642965,
      3.644057979160942,
      3.6409930629316123,
      3.500012908258087,
      3.3251521948633154,
      3.2643116274574937,
      3.181626716584802,
      3.12188740158341,
      3.0370534440839903,
      3.0277618749523243,
      3.0150501188433565,
      3.0035192016431864,
      2.965788506318971,
      2.9363504074930207
    ],
    [
      105.03176774417852,
      99.23507752710108,
      89.73170113847551,
      82.51382668164078,
      75.0903311126178,
      68.8496804015776,
      66.27241415774087,
      62.66133694486073,
      59.66250329483876,
      57.75656318921076,
      55.24764731613343,
