{
  "parameter_values": [
    30,
    50,
    75,
    100
  ],
  "convergence_curves": [
    [
      19.90759384514602,
      19.766311077197866,
      19.66442419765833,
      19.446228388908914,
      19.298396676782442,
      19.05584962726653,
      18.77159842110565,
      18.61497198021162,
      18.43899733574149,
      18.23179156835898,
      18.01456027353698,
      17.93773472419139,
      17.42733742579379,
      17.13631480648622,
      16.843372220138694,
      16.217066121621635,
      16.19099248628475,
      15.975474612340104,
      15.489456406806415,
      15.470522289266693,
      15.07144485413942,
      14.820223803576189,
      14.495947307383144,
      14.07291018960611,
      13.681319527423984,
      13.370516604694036,
      13.054894582685495,
      12.920476877538846,
      12.274049375976519,
      11.80881738822194,
      11.613918088251769,
      11.441560489669092,
      11.165114894830367,
      10.317722905970635,
      9.921472929499526,
      9.695470595105387,
      9.680590640050818,
      9.558177401738947,
      8.92663569463252,
      8.507525875025436,
      8.067261313786734,
      7.8525993750984355,
      7.46259778017793,
      7.077648902726838,
      6.984435296437016,
      6.70235304516566,
      6.5512519569938,
      6.386358832632894,
      6.290935843352275,
      6.227285807301053,
      6.128122862157096,
      5.9333114073101285,
      5.837064438210288,
      5.789415503614608,
      5.412989959574214,
      5.103049311133715,
      4.928730352323326,
      4.571519585514899,
      4.428146398730542,
      4.380038639014257,
      4.288781571862567,
      4.22629610446112,
      4.156956763826694,
      3.9898917836122068,
      3.8973087559353012,
      3.7460920990253697,
      3.6725434375180535,
      3.4662537869772185,
      3.4226136200205817,
      3.2959104939498305,
      3.149310465246889,
      3.084254314278687,
      3.001675534903054,
      2.9421881407781556,
      2.8770949069983067,
      2.6987246138240257,
      2.569695617906584,
      2.5066614184422766,
      2.4439533299843,
      2.3423319262450946,
      2.28977119596871,
      2.2254457710644737,
      2.160742724836525,
      2.1355222719555145,
      2.0943630568929965,
      2.066673312398483,
      2.0289569638020395,
      2.0289522729698,
      2.0105213256102203,
      1.9806978966022235,
      1.9315127679174036,
      1.8359863944835104,
      1.8185110977165972,
      1.779824235037226,
      1.777538649981556,
      1.7374246779659177,
      1.5670315823458578,
      1.5310782215829588,
      1.4518192702534003,
      1.4381868316366715
    ],
    [
      19.77664015351634,
      19.616797098681545,
      19.597434023266036,
      19.434453707701906,
      19.268187885625743,
      19.155978223250365,
      18.88818533955173,
      18.5854826220625,
      18.410501978566003,
      18.0731738789786,
      17.58897493562039,
      16.659154348552597,
      16.340753253077967,
      15.882923362946931,
      15.47856876021163,
      15.390789766899584,
      15.090256599096424,
      15.027144035913015,
      14.732101877636634,
      14.359067201783352,
      14.259094102676585,
      13.88891336906919,
      13.661008105237453,
      13.376798250090477,
      13.107842307214032,
      13.027942413379483,
      12.538065871908978,
      12.409782126990958,
      12.164644853362509,
      11.888963214125551,
      11.724768466222855,
      11.307938543619148,
      11.087119993525445,
      10.508550794142334,
      10.327289664567612,
      10.003687599502527,
      9.340943416240208,
      9.062941730515385,
      8.898975549850364,
      8.634482258974236,
      8.27459771343244,
      7.782876705660281,
      7.548236220042173,
      7.414813783402211,
      7.088379596318882,
      6.719456548026448,
      6.412569813039463,
      6.169632922627437,
      6.108958508015084,
      5.8541498212081695,
      5.71493213944634,
      5.5280969677471115,
      5.386181634995397,
      5.272507540581668,
      5.1782939352825945,
      4.951524460891724,
      4.842684269750634,
      4.786470512618971,
      4.754938429580262,
      4.645024778805217,
      4.499727101041148,
      4.22616006344859,
      4.176305205443271,
      4.049534647118983,
      3.9617376304186216,
      3.8751210247900203,
      3.7671818953798755,
      3.6742319545368973,
      3.589178248088129,
      3.519121533463887,
      3.443319662326819,
      3.3701103531276226,
      3.0739296361620383,
      2.947766081860236,
      2.8291670832133273,
      2.7087089473082626,
      2.645141299675477,
      2.459073680689502,
      2.4133163299553244,
      2.4131496851073377,
      2.3446320833251764,
      2.2470050290182217,
      2.088412797934992,
      1.934801558408513,
      1.91961383479124,
      1.8317958342019725,
      1.7256180680304574,
      1.6599085201178478,
      1.6418128092224227,
      1.5164115586031566,
      1.30604506162361,
      1.2825946402674595,
      1.2332220837806167,
      1.142489783923134,
      1.085990812063631,
      0.9973250701029569,
      0.9552828841591344,
      0.8994608719900453,
      0.8505322100728252,
      0.795308951133582
    ],
    [
      19.66180721654809,
      19.479207235899256,
      19.322791592488866,
      19.211545680217796,
      19.098656398514528,
      18.695214729318373,
      18.498121898609895,
      18.12928982437579,
      17.646192091395015,
      17.298322653775475,
      17.023886909556982,
      16.651861740844147,
      16.233664306375953,
      15.705621312407857,
      15.488859171080303,
      14.862992089670978,
      14.75853129668586,
      14.349727281769086,
      14.241459423280679,
      13.901331617944422,
      13.149296488063873,
      13.079251058043448,
      12.966867406443319,
      12.58773963666008,
      12.183178788098108,
      11.870849664328272,
      11.603301973360962,
      11.38380358947585,
      11.1474475980677,
      10.380798612732573,
      10.002893586308268,
      9.578405008089375,
      9.250403488029956,
      9.196346579680236,
      8.758580482272675,
      8.727521187352112,
      8.237732319125866,
      8.032680301303106,
      7.434010066344152,
      7.084855706301589,
      6.658110293581187,
      6.437864201401117,
      6.358252413916704,
      6.304771598714312,
      6.050407916213691,
      5.806723475306467,
      5.654578228150699,
      5.3051362163616,
      5.241033896355906,
      4.979763969635409,
      4.897763558914209,
      4.695360053358324,
      4.416453940790189,
      4.290177901958247,
      4.074507507812688,
      3.995590108239777,
      3.964448864509605,
      3.926185405872846,
      3.7631142584489607,
      3.48614785212303,
      3.2388012379394127,
      3.1410505060068226,
      3.0746570855790236,
      3.054414521483186,
      3.0173082864887975,
      2.954691272805859,
      2.7476602767880385,
      2.722583501298979,
      2.6191269300013724,
      2.473292400831158,
      2.3058973925256323,
      2.286975431617242,
      2.1822183201684293,
      2.168829551040567,
      2.153341831857657,
      2.084348889663284,
      2.020436613544547,
      1.9943078516168593,
      1.929857428809536,
      1.8413300093813803,
      1.8186421672809772,
      1.776844514345905,
      1.6743512136430792,
      1.6153173033057366,
      1.5785518603870945,
      1.5516870681814097,
      1.5213879984814307,
      1.418792566023364,
      1.4157335751222708,
      1.3668265967974298,
      1.2382679119102855,
      1.2302995180231304,
      1.1723455560508955,
      1.1386862647011358,
      0.924998988219374,
      0.8832477164878094,
      0.8376855489787329,
      0.8135729817643534,
      0.8019139177462394,
      0.7724160749870164
    ],
    [
      19.552678180415576,
      19.254377325068305,
      19.01003207174954,
      18.74076386111128,
      18.57910976018355,
      18.41601964781399,
      18.03312264272785,
      17.65952381821447,
      17.442761269082997,
