algorithm,function,parameter,value,best_mean,best_std,best_min,best_max
ABC,rastrigin,colony_size,30,3.431921816080359,1.484596718222582,0.047788477735736024,5.661241850236422
ABC,rastrigin,colony_size,50,2.651805939297573,1.8120714812013528,0.07918108941296964,5.108054241066995
ABC,rastrigin,colony_size,75,2.9363504074930207,1.8839555624124145,0.052580708556348554,6.125166438433226
ABC,rastrigin,colony_size,100,1.967956477272179,1.1681816577802373,0.44001988745790754,4.080242220951305
