{
  "parameter_values": [
    0.5,
    1.0,
    1.5,
    2.0,
    3.0
  ],
  "convergence_curves": [
    [
      105.90158266357449,
      101.80341426378757,
      96.2162710738224,
      93.95834813399472,
      87.19108056413242,
      81.87685566712317,
      78.6953370074239,
      71.24970119600154,
      63.118943729207444,
      57.63703412771808,
      57.3191525606263,
      54.25036690943367,
      51.28906046828665,
      49.19471536333023,
      45.042010560039614,
      43.66829879052381,
      41.2961086510466,
      40.10352712593516,
      38.88136300079172,
      37.37087737444877,
      35.42327026143883,
      34.13864634823963,
      33.562147854085396,
      29.4603589729846,
      28.28142229325521,
      26.444384931749973,
      25.53566245288301,
      24.594730939732813,
      23.691710907397294,
      22.78415477627769,
      22.78128350725698,
      21.791023208128145,
      21.114244895712723,
      20.42944812365763,
      19.729304712289068,
      18.37504043299539,
      18.312898355534667,
      17.50859650199716,
      16.68862075121452,
      16.3292505453122,
      15.768237115057554,
      15.338220803405637,
      15.27552625125793,
      14.122925744796282,
      13.99483670909936,
      13.223226241407644,
      13.082834985835763,
      12.938935271362515,
      12.782033331743722,
      12.152860542364467,
      11.913928581580391,
      10.552705468606067,
      10.231823575437879,
      9.702033507476733,
      9.100060306648809,
      8.906574762685146,
      8.68125547724269,
      8.301087952693303,
      7.95316089378728,
      7.542584362941267,
      7.41595182034532,
      7.198761492916572,
      6.961376975020775,
      6.961376975020775,
      6.958379337378011,
      6.7357726282470525,
      6.5748843806269885,
      6.461913422141026,
      6.442549343358715,
      6.156782855448023,
      5.7139381354734295,
      5.524394573490952,
      5.343673763602477,
      5.095000746764588,
      5.017021103057006,
      4.7723101605099485,
      4.706689641613801,
      4.674583189836028,
      4.316600614070515,
      4.2872519553157264,
      4.070662315568766,
      4.063721644320434,
      3.924558539644818,
      3.7418532711635963,
      3.639251105335846,
      3.555851045551529,
      3.4654194061615895,
      3.375831327134378,
      3.3500229803895776,
      3.1707378452376416,
      3.1145091219038945,
      3.1081553870937286,
      2.9415014514502547,
      2.753565259346918,
      2.7086885772107694,
      2.7071547459840373,
      2.693289876167519,
      2.6672597067145913,
      2.660558276223732,
      2.651805939297573
    ],
    [
      105.90158266357449,
      101.80341426378757,
      96.2162710738224,
      93.95834813399472,
      87.19108056413242,
      81.87685566712317,
      78.6953370074239,
      71.24970119600154,
      63.118943729207444,
      57.63703412771808,
      57.3191525606263,
      54.25036690943367,
      51.28906046828665,
      49.19471536333023,
      45.042010560039614,
      43.66829879052381,
      41.2961086510466,
      40.10352712593516,
      38.88136300079172,
      37.37087737444877,
      35.42327026143883,
      34.13864634823963,
      33.562147854085396,
      29.4603589729846,
      28.28142229325521,
      26.444384931749973,
      25.53566245288301,
      24.594730939732813,
      23.691710907397294,
      22.78415477627769,
      22.78128350725698,
      21.791023208128145,
      21.114244895712723,
      20.42944812365763,
      19.729304712289068,
      18.37504043299539,
      18.312898355534667,
      17.50859650199716,
      16.68862075121452,
      16.3292505453122,
      15.768237115057554,
      15.338220803405637,
      15.27552625125793,
      14.122925744796282,
      13.99483670909936,
      13.223226241407644,
      13.082834985835763,
      12.938935271362515,
      12.782033331743722,
      12.152860542364467,
      11.913928581580391,
      10.552705468606067,
      10.231823575437879,
      9.702033507476733,
      9.100060306648809,
      8.906574762685146,
      8.68125547724269,
      8.301087952693303,
      7.95316089378728,
      7.542584362941267,
      7.41595182034532,
      7.198761492916572,
      6.961376975020775,
      6.961376975020775,
      6.958379337378011,
      6.7357726282470525,
      6.5748843806269885,
      6.461913422141026,
      6.442549343358715,
      6.156782855448023,
      5.7139381354734295,
      5.524394573490952,
      5.343673763602477,
      5.095000746764588,
      5.017021103057006,
      4.7723101605099485,
      4.706689641613801,
      4.674583189836028,
      4.316600614070515,
      4.2872519553157264,
      4.070662315568766,
      4.063721644320434,
      3.924558539644818,
      3.7418532711635963,
      3.639251105335846,
      3.555851045551529,
      3.4654194061615895,
      3.375831327134378,
      3.3500229803895776,
      3.1707378452376416,
      3.1145091219038945,
      3.1081553870937286,
      2.9415014514502547,
      2.753565259346918,
      2.7086885772107694,
      2.7071547459840373,
      2.693289876167519,
      2.6672597067145913,
      2.660558276223732,
      2.651805939297573
    ],
    [
      105.90158266357449,
      101.80341426378757,
      96.2162710738224,
      93.95834813399472,
      87.19108056413242,
      81.87685566712317,
      78.6953370074239,
      71.24970119600154,
      63.118943729207444,
      57.63703412771808,
      57.3191525606263,
      54.25036690943367,
      51.28906046828665,
      49.19471536333023,
      45.042010560039614,
      43.66829879052381,
      41.2961086510466,
      40.10352712593516,
      38.88136300079172,
      37.37087737444877,
      35.42327026143883,
      34.13864634823963,
      33.562147854085396,
      29.4603589729846,
      28.28142229325521,
      26.444384931749973,
      25.53566245288301,
      24.594730939732813,
      23.691710907397294,
      22.78415477627769,
      22.78128350725698,
      21.791023208128145,
      21.114244895712723,
      20.42944812365763,
      19.729304712289068,
      18.37504043299539,
      18.312898355534667,
      17.50859650199716,
      16.68862075121452,
      16.3292505453122,
      15.768237115057554,
      15.338220803405637,
      15.27552625125793,
      14.122925744796282,
      13.99483670909936,
      13.223226241407644,
      13.082834985835763,
      12.938935271362515,
      12.782033331743722,
      12.152860542364467,
      11.913928581580391,
      10.552705468606067,
      10.231823575437879,
      9.702033507476733,
      9.100060306648809,
      8.906574762685146,
      8.68125547724269,
      8.301087952693303,
      7.95316089378728,
      7.542584362941267,
      7.41595182034532,
      7.198761492916572,
      6.961376975020775,
      6.961376975020775,
      6.958379337378011,
      6.7357726282470525,
      6.5748843806269885,
      6.461913422141026,
      6.442549343358715,
      6.156782855448023,
      5.7139381354734295,
      5.524394573490952,
      5.343673763602477,
      5.095000746764588,
      5.017021103057006,
      4.7723101605099485,
      4.706689641613801,
      4.674583189836028,
      4.316600614070515,
      4.2872519553157264,
      4.070662315568766,
      4.063721644320434,
      3.924558539644818,
      3.7418532711635963,
      3.639251105335846,
      3.555851045551529,
      3.4654194061615895,
      3.375831327134378,
      3.3500229803895776,
      3.1707378452376416,
      3.1145091219038945,
      3.1081553870937286,
      2.9415014514502547,
      2.753565259346918,
      2.7086885772107694,
      2.7071547459840373,
      2.693289876167519,
      2.6672597067145913,
      2.660558276223732,
      2.651805939297573
    ],
    [
      105.90158266357449,
      101.80341426378757,
      96.2162710738224,
      93.95834813399472,
      87.19108056413242,
      81.87685566712317,
      78.6953370074239,
      71.24970119600154,
      63.118943729207444,
      57.63703412771808,
