{
  "parameter_values": [
    0.5,
    1.0,
    1.5,
    2.0,
    3.0
  ],
  "convergence_curves": [
    [
      13545.011551977756,
      12760.169921869867,
      11466.480045862261,
      10466.639244600878,
      8838.054539239241,
      7371.0578959227305,
      7108.955144233516,
      6006.461534470112,
      5461.761532419125,
      4848.074758414343,
      4145.521721065283,
      3475.3010930997007,
      3003.8596884862045,
      2584.0721759736757,
      1921.6878365326168,
      1557.2907590542213,
      835.0291226188253,
      669.4248753884416,
      440.4263599485258,
      423.3778777361761,
      279.94079036059304,
      245.0174761838582,
      115.42146465004005,
      96.97996971134909,
      71.99201927292428,
      67.13207497488393,
      27.71326275962172,
      26.447590115083,
      26.031476332649635,
      9.040903815522867,
      6.970420057280549,
      6.125956283638123,
      4.923219608242069,
      0.797871951760875,
      0.6755677164997993,
      0.521553146050895,
      0.4772856436077356,
      0.4568264287209834,
      0.43616316614737183,
      0.33175975436277694,
      0.3016822924981264,
      0.28454055094870506,
      0.07389558449187361,
      0.0649447443079344,
      0.061628504063757215,
      0.05964880035718906,
      0.04833368365157055,
      0.045761625099705626,
      0.04175664650211579,
      0.03895179840690938,
      0.035921799159905635,
      0.033813153869914764,
      0.03352758513581741,
      0.031138557892182905,
      0.025005372449635483,
      0.0159148143892267,
      0.01399872209241366,
      0.013570225087861067,
      0.01205177816465599,
      0.008755135021772435,
      0.007765206776685314,
      0.006205879257310516,
      0.006014303642384618,
      0.006008180199251085,
      0.005879865880472463,
      0.004559978304973664,
      0.004261150491834116,
      0.004197369897039261,
      0.0037197438574623418,
      0.003314183499649464,
      0.003241964868715354,
      0.0026521293615574984,
      0.002642201556000023,
      0.0025317525436225727,
      0.0024240008124224483,
      0.001801105164628921,
      0.0015416466567051445,
      0.0015410201055638699,
      0.0015250300147743416,
      0.0015004158963455156,
      0.0013997133812673596,
      0.0013817310372192426,
      0.0013715714402485302,
      0.0013702353159873357,
      0.0013566206500680226,
      0.0013065845091051772,
      0.0012806059044218573,
      0.0012146449511905562,
      0.0010009717972306788,
      0.0009910074304945327,
      0.0009274670239341979,
      0.0008867804553739365,
      0.0008657094622157545,
      0.0008368254447275603,
      0.0006882840991686916,
      0.0005093058751030728,
      0.0005087121820357934,
      0.0005021654537238497,
      0.000495350198613339,
      0.0004935988279099376
    ],
    [
      13545.011551977756,
      12760.169921869867,
      11466.480045862261,
      10466.639244600878,
      8838.054539239241,
      7371.0578959227305,
      7108.955144233516,
      6006.461534470112,
      5461.761532419125,
      4848.074758414343,
      4145.521721065283,
      3475.3010930997007,
      3003.8596884862045,
      2584.0721759736757,
      1921.6878365326168,
      1557.2907590542213,
      835.0291226188253,
      669.4248753884416,
      440.4263599485258,
      423.3778777361761,
      279.94079036059304,
      245.0174761838582,
      115.42146465004005,
      96.97996971134909,
      71.99201927292428,
      67.13207497488393,
      27.71326275962172,
      26.447590115083,
      26.031476332649635,
      9.040903815522867,
      6.970420057280549,
      6.125956283638123,
      4.923219608242069,
      0.797871951760875,
      0.6755677164997993,
      0.521553146050895,
      0.4772856436077356,
      0.4568264287209834,
      0.43616316614737183,
      0.33175975436277694,
      0.3016822924981264,
      0.28454055094870506,
      0.07389558449187361,
      0.0649447443079344,
      0.061628504063757215,
      0.05964880035718906,
      0.04833368365157055,
      0.045761625099705626,
      0.04175664650211579,
      0.03895179840690938,
      0.035921799159905635,
      0.033813153869914764,
      0.03352758513581741,
      0.031138557892182905,
      0.025005372449635483,
      0.0159148143892267,
      0.01399872209241366,
      0.013570225087861067,
      0.01205177816465599,
      0.008755135021772435,
      0.007765206776685314,
      0.006205879257310516,
      0.006014303642384618,
      0.006008180199251085,
      0.005879865880472463,
      0.004559978304973664,
      0.004261150491834116,
      0.004197369897039261,
      0.0037197438574623418,
      0.003314183499649464,
      0.003241964868715354,
      0.0026521293615574984,
      0.002642201556000023,
      0.0025317525436225727,
      0.0024240008124224483,
      0.001801105164628921,
      0.0015416466567051445,
      0.0015410201055638699,
      0.0015250300147743416,
      0.0015004158963455156,
      0.0013997133812673596,
      0.0013817310372192426,
      0.0013715714402485302,
      0.0013702353159873357,
      0.0013566206500680226,
      0.0013065845091051772,
      0.0012806059044218573,
      0.0012146449511905562,
      0.0010009717972306788,
      0.0009910074304945327,
      0.0009274670239341979,
      0.0008867804553739365,
      0.0008657094622157545,
      0.0008368254447275603,
      0.0006882840991686916,
      0.0005093058751030728,
      0.0005087121820357934,
      0.0005021654537238497,
      0.000495350198613339,
      0.0004935988279099376
    ],
    [
      13545.011551977756,
      12760.169921869867,
      11466.480045862261,
      10466.639244600878,
      8838.054539239241,
      7371.0578959227305,
      7108.955144233516,
      6006.461534470112,
      5461.761532419125,
      4848.074758414343,
      4145.521721065283,
      3475.3010930997007,
      3003.8596884862045,
      2584.0721759736757,
      1921.6878365326168,
      1557.2907590542213,
      835.0291226188253,
      669.4248753884416,
      440.4263599485258,
      423.3778777361761,
      279.94079036059304,
      245.0174761838582,
      115.42146465004005,
      96.97996971134909,
      71.99201927292428,
      67.13207497488393,
      27.71326275962172,
      26.447590115083,
      26.031476332649635,
      9.040903815522867,
      6.970420057280549,
      6.125956283638123,
      4.923219608242069,
      0.797871951760875,
      0.6755677164997993,
      0.521553146050895,
      0.4772856436077356,
      0.4568264287209834,
      0.43616316614737183,
      0.33175975436277694,
      0.3016822924981264,
      0.28454055094870506,
      0.07389558449187361,
      0.0649447443079344,
      0.061628504063757215,
      0.05964880035718906,
      0.04833368365157055,
      0.045761625099705626,
      0.04175664650211579,
      0.03895179840690938,
      0.035921799159905635,
      0.033813153869914764,
      0.03352758513581741,
      0.031138557892182905,
      0.025005372449635483,
      0.0159148143892267,
      0.01399872209241366,
      0.013570225087861067,
      0.01205177816465599,
      0.008755135021772435,
      0.007765206776685314,
      0.006205879257310516,
      0.006014303642384618,
      0.006008180199251085,
      0.005879865880472463,
      0.004559978304973664,
      0.004261150491834116,
      0.004197369897039261,
      0.0037197438574623418,
      0.003314183499649464,
      0.003241964868715354,
      0.0026521293615574984,
      0.002642201556000023,
      0.0025317525436225727,
      0.0024240008124224483,
      0.001801105164628921,
      0.0015416466567051445,
      0.0015410201055638699,
      0.0015250300147743416,
      0.0015004158963455156,
      0.0013997133812673596,
      0.0013817310372192426,
      0.0013715714402485302,
      0.0013702353159873357,
      0.0013566206500680226,
      0.0013065845091051772,
      0.0012806059044218573,
      0.0012146449511905562,
      0.0010009717972306788,
      0.0009910074304945327,
