{
  "parameter_values": [
    30,
    50,
    75,
    100
  ],
  "convergence_curves": [
    [
      15174.98608931863,
      14051.041305258088,
      12677.28425315387,
      10393.608753643763,
      9854.68144792124,
      9121.39920687395,
      6897.404629379688,
      6508.392599768087,
      5950.0925541174365,
      5345.285793635609,
      4800.35317185051,
      3742.398194629857,
      3177.0199608953635,
      2530.7619977089516,
      1905.016675314686,
      1504.5756198418756,
      1280.1600378115813,
      1156.8845430649192,
      955.954332351228,
      795.4330314170518,
      679.3128609376398,
      553.701995184296,
      517.6781528061662,
      483.00207381556277,
      365.9542290008004,
      266.2632178082706,
      143.71691943431694,
      121.7568811792448,
      106.83815245454835,
      91.69867249961459,
      69.52561398307265,
      59.16541282912294,
      30.35806926463032,
      22.623785189902424,
      21.299487204099645,
      19.041552266255003,
      16.05690303357064,
      15.450518905658006,
      14.950777217466277,
      12.046610349692147,
      11.863112073255415,
      11.148124440849562,
      1.9705113555365528,
      1.7595866254979449,
      0.9041152227030093,
      0.602037179136929,
      0.42964628151607975,
      0.2677980322842889,
      0.2549093239930705,
      0.24209654355671248,
      0.2118473818388376,
      0.19721697023613632,
      0.18550284934161998,
      0.1801757208848287,
      0.16941642290481354,
      0.1427669040681651,
      0.1393009047876284,
      0.11159955778914052,
      0.10775331714291432,
      0.09844268705121137,
      0.09419427116626108,
      0.07016381508206017,
      0.06706398727804538,
      0.06541156624000447,
      0.03897289049227036,
      0.03716830116311752,
      0.03618418091138716,
      0.024449569502938813,
      0.024010529958586952,
      0.02236984021889861,
      0.022275789794754464,
      0.021953029368059616,
      0.021351376664144515,
      0.02027806299640359,
      0.020257101528892426,
      0.019821169833364807,
      0.017701168759779277,
      0.016545579793764118,
      0.0163958815722863,
      0.01637301036940073,
      0.016347632006403635,
      0.011967814498818853,
      0.010002303552508343,
      0.009925176135120247,
      0.007961634785558629,
      0.00793523828736771,
      0.00788982952396931,
      0.007176219510659024,
      0.005412431245163521,
      0.005225937245603432,
      0.0052171732963814735,
      0.005203237116965685,
      0.005146592928257791,
      0.005123071162983309,
      0.005073879669583082,
      0.005068387303300259,
      0.0048026664395175115,
      0.004546131543594271,
      0.0045450759077324205,
      0.004470067853719069
    ],
    [
      13545.011551977756,
      12760.169921869867,
      11466.480045862261,
      10466.639244600878,
      8838.054539239241,
      7371.0578959227305,
      7108.955144233516,
      6006.461534470112,
      5461.761532419125,
      4848.074758414343,
      4145.521721065283,
      3475.3010930997007,
      3003.8596884862045,
      2584.0721759736757,
      1921.6878365326168,
      1557.2907590542213,
      835.0291226188253,
      669.4248753884416,
      440.4263599485258,
      423.3778777361761,
      279.94079036059304,
      245.0174761838582,
      115.42146465004005,
      96.97996971134909,
      71.99201927292428,
      67.13207497488393,
      27.71326275962172,
      26.447590115083,
      26.031476332649635,
      9.040903815522867,
      6.970420057280549,
      6.125956283638123,
      4.923219608242069,
      0.797871951760875,
      0.6755677164997993,
      0.521553146050895,
      0.4772856436077356,
      0.4568264287209834,
      0.43616316614737183,
      0.33175975436277694,
      0.3016822924981264,
      0.28454055094870506,
      0.07389558449187361,
      0.0649447443079344,
      0.061628504063757215,
      0.05964880035718906,
      0.04833368365157055,
      0.045761625099705626,
      0.04175664650211579,
      0.03895179840690938,
      0.035921799159905635,
      0.033813153869914764,
      0.03352758513581741,
      0.031138557892182905,
      0.025005372449635483,
      0.0159148143892267,
      0.01399872209241366,
      0.013570225087861067,
      0.01205177816465599,
      0.008755135021772435,
      0.007765206776685314,
      0.006205879257310516,
      0.006014303642384618,
      0.006008180199251085,
      0.005879865880472463,
      0.004559978304973664,
      0.004261150491834116,
      0.004197369897039261,
      0.0037197438574623418,
      0.003314183499649464,
      0.003241964868715354,
      0.0026521293615574984,
      0.002642201556000023,
      0.0025317525436225727,
      0.0024240008124224483,
      0.001801105164628921,
      0.0015416466567051445,
      0.0015410201055638699,
      0.0015250300147743416,
      0.0015004158963455156,
      0.0013997133812673596,
      0.0013817310372192426,
      0.0013715714402485302,
      0.0013702353159873357,
      0.0013566206500680226,
      0.0013065845091051772,
      0.0012806059044218573,
      0.0012146449511905562,
      0.0010009717972306788,
      0.0009910074304945327,
      0.0009274670239341979,
      0.0008867804553739365,
      0.0008657094622157545,
      0.0008368254447275603,
      0.0006882840991686916,
      0.0005093058751030728,
      0.0005087121820357934,
      0.0005021654537238497,
      0.000495350198613339,
      0.0004935988279099376
    ],
    [
      12228.106749793838,
      11227.23511191561,
      10055.850388656378,
      8719.520841477624,
      7815.269254607911,
      6667.12065315436,
      5653.367791035208,
      4666.856871596521,
      4122.558339026837,
      2427.3481493188383,
      2079.7979759436475,
      1585.2903895960694,
      1432.922234327353,
      1136.4472617697054,
      890.3073440746597,
      610.7161457241361,
      515.3417208889763,
      302.1826924845539,
      291.60800573945767,
      279.9128640869936,
      168.07873441059786,
      135.51621844326954,
      74.0712603726586,
      63.90031007390951,
      60.462046478493505,
      8.584053005713798,
      8.221172421140917,
      6.331451169711657,
      1.817042789436282,
      1.512328763672209,
      0.8174061361917614,
      0.5609905248713251,
      0.47349576997720505,
      0.4019800106685837,
      0.10963784765538209,
      0.09772478798500503,
      0.0754077157383668,
      0.053266304658749,
      0.04936413797297258,
      0.04458386322107636,
      0.04097129984628617,
      0.038420728385456314,
      0.031303291990871576,
      0.026296491492132403,
      0.02265596559077613,
      0.019965476746532963,
      0.015793670749381216,
      0.014682618233906796,
      0.010640946608085927,
      0.009026313647859108,
      0.008612894208359376,
      0.008507990801299353,
      0.00817759135170025,
      0.007508062744768193,
      0.0070549696323126045,
      0.006720944387537073,
      0.006394976067408237,
      0.006016361893723973,
      0.004795051309611577,
      0.004630724989976038,
      0.0046084356079938394,
      0.0030108480995485348,
      0.0026040771954775163,
      0.0022807470400518677,
      0.0022805360165325667,
      0.0022536834254918664,
      0.002048439737398768,
      0.0020257970779373113,
      0.0019288679775900663,
      0.0018862777468483607,
      0.0018499652545552303,
      0.0018385561954744269,
      0.0016989483310855494,
      0.0016804700568453731,
      0.0016119534053063115,
      0.0015990343449566555,
      0.0014143191998082457,
      0.0014067612044991805,
      0.0013658846516090854,
      0.0010741078766002843,
      0.0010140385330153915,
      0.0009960922505407325,
      0.0009722757440358009,
      0.0004774329065232322,
      0.00046971788292268026,
      0.00041262924751104223,
      0.00034568598859696897,
      0.00034149977467231994,
      0.00033845336692176506,
      0.0003255313217534096,
      0.0003232557593483157,
      0.00031432499210920907,
