algorithm,function,parameter,value,best_mean,best_std,best_min,best_max
ABC,ackley,colony_size,30,1.4381868316366717,0.8444620061162076,0.17067337277963235,2.5145982110003833
ABC,ackley,colony_size,50,0.7953089511335822,0.38874028552896933,0.39613131262709844,1.405940171446876
ABC,ackley,colony_size,75,0.7724160749870166,0.521521906826607,0.1151630323854822,1.578511198312953
ABC,ackley,colony_size,100,0.43854174263199086,0.35168891180584255,0.07933308160641106,1.1509184317818186
