{
  "parameter_values": [
    0.5,
    1.0,
    1.5,
    2.0,
    3.0
  ],
  "convergence_curves": [
    [
      19.77664015351634,
      19.616797098681545,
      19.597434023266036,
      19.434453707701906,
      19.268187885625743,
      19.155978223250365,
      18.88818533955173,
      18.5854826220625,
      18.410501978566003,
      18.0731738789786,
      17.58897493562039,
      16.659154348552597,
      16.340753253077967,
      15.882923362946931,
      15.47856876021163,
      15.390789766899584,
      15.090256599096424,
      15.027144035913015,
      14.732101877636634,
      14.359067201783352,
      14.259094102676585,
      13.88891336906919,
      13.661008105237453,
      13.376798250090477,
      13.107842307214032,
      13.027942413379483,
      12.538065871908978,
      12.409782126990958,
      12.164644853362509,
      11.888963214125551,
      11.724768466222855,
      11.307938543619148,
      11.087119993525445,
      10.508550794142334,
      10.327289664567612,
      10.003687599502527,
      9.340943416240208,
      9.062941730515385,
      8.898975549850364,
      8.634482258974236,
      8.27459771343244,
      7.782876705660281,
      7.548236220042173,
      7.414813783402211,
      7.088379596318882,
      6.719456548026448,
      6.412569813039463,
      6.169632922627437,
      6.108958508015084,
      5.8541498212081695,
      5.71493213944634,
      5.5280969677471115,
      5.386181634995397,
      5.272507540581668,
      5.1782939352825945,
      4.951524460891724,
      4.842684269750634,
      4.786470512618971,
      4.754938429580262,
      4.645024778805217,
      4.499727101041148,
      4.22616006344859,
      4.176305205443271,
      4.049534647118983,
      3.9617376304186216,
      3.8751210247900203,
      3.7671818953798755,
      3.6742319545368973,
      3.589178248088129,
      3.519121533463887,
      3.443319662326819,
      3.3701103531276226,
      3.0739296361620383,
      2.947766081860236,
      2.8291670832133273,
      2.7087089473082626,
      2.645141299675477,
      2.459073680689502,
      2.4133163299553244,
      2.4131496851073377,
      2.3446320833251764,
      2.2470050290182217,
      2.088412797934992,
      1.934801558408513,
      1.91961383479124,
      1.8317958342019725,
      1.7256180680304574,
      1.6599085201178478,
      1.6418128092224227,
      1.5164115586031566,
      1.30604506162361,
      1.2825946402674595,
      1.2332220837806167,
      1.142489783923134,
      1.085990812063631,
      0.9973250701029569,
      0.9552828841591344,
      0.8994608719900453,
      0.8505322100728252,
      0.795308951133582
    ],
    [
      19.77664015351634,
      19.616797098681545,
      19.597434023266036,
      19.434453707701906,
      19.268187885625743,
      19.155978223250365,
      18.88818533955173,
      18.5854826220625,
      18.410501978566003,
      18.0731738789786,
      17.58897493562039,
      16.659154348552597,
      16.340753253077967,
      15.882923362946931,
      15.47856876021163,
      15.390789766899584,
      15.090256599096424,
      15.027144035913015,
      14.732101877636634,
      14.359067201783352,
      14.259094102676585,
      13.88891336906919,
      13.661008105237453,
      13.376798250090477,
      13.107842307214032,
      13.027942413379483,
      12.538065871908978,
      12.409782126990958,
      12.164644853362509,
      11.888963214125551,
      11.724768466222855,
      11.307938543619148,
      11.087119993525445,
      10.508550794142334,
      10.327289664567612,
      10.003687599502527,
      9.340943416240208,
      9.062941730515385,
      8.898975549850364,
      8.634482258974236,
      8.27459771343244,
      7.782876705660281,
      7.548236220042173,
      7.414813783402211,
      7.088379596318882,
      6.719456548026448,
      6.412569813039463,
      6.169632922627437,
      6.108958508015084,
      5.8541498212081695,
      5.71493213944634,
      5.5280969677471115,
      5.386181634995397,
      5.272507540581668,
      5.1782939352825945,
      4.951524460891724,
      4.842684269750634,
      4.786470512618971,
      4.754938429580262,
      4.645024778805217,
      4.499727101041148,
      4.22616006344859,
      4.176305205443271,
      4.049534647118983,
      3.9617376304186216,
      3.8751210247900203,
      3.7671818953798755,
      3.6742319545368973,
      3.589178248088129,
      3.519121533463887,
      3.443319662326819,
      3.3701103531276226,
      3.0739296361620383,
      2.947766081860236,
      2.8291670832133273,
      2.7087089473082626,
      2.645141299675477,
      2.459073680689502,
      2.4133163299553244,
      2.4131496851073377,
      2.3446320833251764,
      2.2470050290182217,
      2.088412797934992,
      1.934801558408513,
      1.91961383479124,
      1.8317958342019725,
      1.7256180680304574,
      1.6599085201178478,
      1.6418128092224227,
      1.5164115586031566,
      1.30604506162361,
      1.2825946402674595,
      1.2332220837806167,
      1.142489783923134,
      1.085990812063631,
      0.9973250701029569,
      0.9552828841591344,
      0.8994608719900453,
      0.8505322100728252,
      0.795308951133582
    ],
    [
      19.77664015351634,
      19.616797098681545,
      19.597434023266036,
      19.434453707701906,
      19.268187885625743,
      19.155978223250365,
      18.88818533955173,
      18.5854826220625,
      18.410501978566003,
      18.0731738789786,
      17.58897493562039,
      16.659154348552597,
      16.340753253077967,
      15.882923362946931,
      15.47856876021163,
      15.390789766899584,
      15.090256599096424,
      15.027144035913015,
      14.732101877636634,
      14.359067201783352,
      14.259094102676585,
      13.88891336906919,
      13.661008105237453,
      13.376798250090477,
      13.107842307214032,
      13.027942413379483,
      12.538065871908978,
      12.409782126990958,
      12.164644853362509,
      11.888963214125551,
      11.724768466222855,
      11.307938543619148,
      11.087119993525445,
      10.508550794142334,
      10.327289664567612,
      10.003687599502527,
      9.340943416240208,
      9.062941730515385,
      8.898975549850364,
      8.634482258974236,
      8.27459771343244,
      7.782876705660281,
      7.548236220042173,
      7.414813783402211,
      7.088379596318882,
      6.719456548026448,
      6.412569813039463,
      6.169632922627437,
      6.108958508015084,
      5.8541498212081695,
      5.71493213944634,
      5.5280969677471115,
      5.386181634995397,
      5.272507540581668,
      5.1782939352825945,
      4.951524460891724,
      4.842684269750634,
      4.786470512618971,
      4.754938429580262,
      4.645024778805217,
      4.499727101041148,
      4.22616006344859,
      4.176305205443271,
      4.049534647118983,
      3.9617376304186216,
      3.8751210247900203,
      3.7671818953798755,
      3.6742319545368973,
      3.589178248088129,
      3.519121533463887,
      3.443319662326819,
      3.3701103531276226,
      3.0739296361620383,
      2.947766081860236,
      2.8291670832133273,
      2.7087089473082626,
      2.645141299675477,
      2.459073680689502,
      2.4133163299553244,
      2.4131496851073377,
      2.3446320833251764,
      2.2470050290182217,
      2.088412797934992,
      1.934801558408513,
      1.91961383479124,
      1.8317958342019725,
      1.7256180680304574,
      1.6599085201178478,
      1.6418128092224227,
      1.5164115586031566,
      1.30604506162361,
      1.2825946402674595,
      1.2332220837806167,
      1.142489783923134,
      1.085990812063631,
      0.9973250701029569,
      0.9552828841591344,
      0.8994608719900453,
      0.8505322100728252,
      0.795308951133582
    ],
    [
      19.77664015351634,
      19.616797098681545,
      19.597434023266036,
      19.434453707701906,
      19.268187885625743,
      19.155978223250365,
      18.88818533955173,
      18.5854826220625,
