algorithm,function,parameter,value,best_mean,best_std,best_min,best_max
ABC,rastrigin,limit_multiplier,0.5,2.651805939297573,1.8120714812013528,0.07918108941296964,5.108054241066995
ABC,rastrigin,limit_multiplier,1.0,2.651805939297573,1.8120714812013528,0.07918108941296964,5.108054241066995
ABC,rastrigin,limit_multiplier,1.5,2.651805939297573,1.8120714812013528,0.07918108941296964,5.108054241066995
ABC,rastrigin,limit_multiplier,2.0,2.651805939297573,1.8120714812013528,0.07918108941296964,5.108054241066995
ABC,rastrigin,limit_multiplier,3.0,2.651805939297573,1.8120714812013528,0.07918108941296964,5.108054241066995
