n_ants,mean_fitness,std_fitness
16,322.43095824964325,6.661599116597182
20,320.96310466430043,5.892094657907953
24,320.1077746249534,5.521614929130517
