beta,mean_fitness,std_fitness
1.0,324.051594836944,7.538088041859117
1.5,320.8280822003375,5.817393674886459
2.0,318.6221605016156,2.601198688543216
