max_iter,mean_fitness,std_fitness
50,322.31281344909695,6.437756016467858
100,320.0217449101676,5.552130853451195
