alpha,mean_fitness,std_fitness
1.0,317.8857020392736,1.9337599179521143
1.5,319.24256088800945,3.9127413811860436
2.0,326.3735746116141,7.191332415348482
