rho,mean_fitness,std_fitness
0.3,320.20276288484405,4.912181426222299
0.4,321.31598464352294,6.494626016994433
0.5,321.98309001053013,6.664487213973464
