algorithm,function,parameter,value,best_mean,best_std,best_min,best_max
FA,ackley,alpha,0.1,19.89741094623313,0.40912206901141007,18.90427398565161,20.364692579611432
FA,ackley,alpha,0.3,19.670605277464357,0.2890979374430477,18.90427398565161,19.89621528374253
FA,ackley,alpha,0.5,19.536872861320028,0.24927707559396256,18.90427398565161,19.784614265398204
FA,ackley,alpha,0.7,19.493083196499658,0.21451657767199714,18.90427398565161,19.688002595769074
FA,ackley,alpha,1.0,19.406099115143235,0.2526516714320967,18.90427398565161,19.855043670368524
