algorithm,function,parameter,value,best_mean,best_std,best_min,best_max
FA,ackley,gamma,0.5,19.536872861320028,0.24927707559396256,18.90427398565161,19.784614265398204
FA,ackley,gamma,0.8,19.536872861320028,0.24927707559396256,18.90427398565161,19.784614265398204
FA,ackley,gamma,1.0,19.536872861320028,0.24927707559396256,18.90427398565161,19.784614265398204
FA,ackley,gamma,1.2,19.536872861320028,0.24927707559396256,18.90427398565161,19.784614265398204
FA,ackley,gamma,1.5,19.536872861320028,0.24927707559396256,18.90427398565161,19.784614265398204
