{
  "parameter_values": [
    0.5,
    0.8,
    1.0,
    1.2,
    1.5
  ],
  "convergence_curves": [
    [
      19.92650808907237,
      19.874995761790252,
      19.795641448859083,
      19.757916384541783,
      19.728019547078567,
      19.676827087926153,
      19.67047475467985,
      19.64186989694243,
      19.637992622854664,
      19.591653900868387,
      19.591653900868387,
      19.591653900868387,
      19.580966553667842,
      19.578550399083532,
      19.578550399083532,
      19.569316038336513,
      19.569316038336513,
      19.569316038336513,
      19.568980086519826,
      19.55953586955807,
      19.55953586955807,
      19.55953586955807,
      19.55953586955807,
      19.55953586955807,
      19.55953586955807,
      19.55168620206722,
      19.55168620206722,
      19.55168620206722,
      19.55168620206722,
      19.54688073714706,
      19.54688073714706,
      19.54688073714706,
      19.54688073714706,
      19.54688073714706,
      19.54688073714706,
      19.54688073714706,
      19.54688073714706,
      19.544335233121135,
      19.53955777143168,
      19.53955777143168,
      19.53955777143168,
      19.53955777143168,
      19.53955777143168,
      19.53955777143168,
      19.53955777143168,
      19.53955777143168,
      19.53955777143168,
      19.53955777143168,
      19.53955777143168,
      19.536872861320028,
      19.536872861320028,
      19.536872861320028,
      19.536872861320028,
      19.536872861320028,
      19.536872861320028,
      19.536872861320028,
      19.536872861320028,
      19.536872861320028,
      19.536872861320028,
      19.536872861320028,
      19.536872861320028,
      19.536872861320028,
      19.536872861320028,
      19.536872861320028,
      19.536872861320028,
      19.536872861320028,
      19.536872861320028,
      19.536872861320028,
      19.536872861320028,
      19.536872861320028,
      19.536872861320028,
      19.536872861320028,
      19.536872861320028,
      19.536872861320028,
      19.536872861320028,
      19.536872861320028,
      19.536872861320028,
      19.536872861320028,
      19.536872861320028,
      19.536872861320028,
      19.536872861320028,
      19.536872861320028,
      19.536872861320028,
      19.536872861320028,
      19.536872861320028,
      19.536872861320028,
      19.536872861320028,
      19.536872861320028,
      19.536872861320028,
      19.536872861320028,
      19.536872861320028,
      19.536872861320028,
      19.536872861320028,
      19.536872861320028,
      19.536872861320028,
      19.536872861320028,
      19.536872861320028,
      19.536872861320028,
      19.536872861320028,
      19.536872861320028
    ],
    [
      19.92650808907237,
      19.874995761790252,
      19.795641448859083,
      19.757916384541783,
      19.728019547078567,
      19.676827087926153,
      19.67047475467985,
      19.64186989694243,
      19.637992622854664,
      19.591653900868387,
      19.591653900868387,
      19.591653900868387,
      19.580966553667842,
      19.578550399083532,
      19.578550399083532,
      19.569316038336513,
      19.569316038336513,
      19.569316038336513,
      19.568980086519826,
      19.55953586955807,
      19.55953586955807,
      19.55953586955807,
      19.55953586955807,
      19.55953586955807,
      19.55953586955807,
      19.55168620206722,
      19.55168620206722,
      19.55168620206722,
      19.55168620206722,
      19.54688073714706,
      19.54688073714706,
      19.54688073714706,
      19.54688073714706,
      19.54688073714706,
      19.54688073714706,
      19.54688073714706,
      19.54688073714706,
      19.544335233121135,
      19.53955777143168,
      19.53955777143168,
      19.53955777143168,
      19.53955777143168,
      19.53955777143168,
      19.53955777143168,
      19.53955777143168,
      19.53955777143168,
      19.53955777143168,
      19.53955777143168,
      19.53955777143168,
      19.536872861320028,
      19.536872861320028,
      19.536872861320028,
      19.536872861320028,
      19.536872861320028,
      19.536872861320028,
      19.536872861320028,
      19.536872861320028,
      19.536872861320028,
      19.536872861320028,
      19.536872861320028,
      19.536872861320028,
      19.536872861320028,
      19.536872861320028,
      19.536872861320028,
      19.536872861320028,
      19.536872861320028,
      19.536872861320028,
      19.536872861320028,
      19.536872861320028,
      19.536872861320028,
      19.536872861320028,
      19.536872861320028,
      19.536872861320028,
      19.536872861320028,
      19.536872861320028,
      19.536872861320028,
      19.536872861320028,
      19.536872861320028,
      19.536872861320028,
      19.536872861320028,
      19.536872861320028,
      19.536872861320028,
      19.536872861320028,
      19.536872861320028,
      19.536872861320028,
      19.536872861320028,
      19.536872861320028,
      19.536872861320028,
      19.536872861320028,
      19.536872861320028,
      19.536872861320028,
      19.536872861320028,
      19.536872861320028,
      19.536872861320028,
      19.536872861320028,
      19.536872861320028,
      19.536872861320028,
      19.536872861320028,
      19.536872861320028,
      19.536872861320028
    ],
    [
      19.92650808907237,
      19.874995761790252,
      19.795641448859083,
      19.757916384541783,
      19.728019547078567,
      19.676827087926153,
      19.67047475467985,
      19.64186989694243,
      19.637992622854664,
      19.591653900868387,
      19.591653900868387,
      19.591653900868387,
      19.580966553667842,
      19.578550399083532,
      19.578550399083532,
      19.569316038336513,
      19.569316038336513,
      19.569316038336513,
      19.568980086519826,
      19.55953586955807,
      19.55953586955807,
      19.55953586955807,
      19.55953586955807,
      19.55953586955807,
      19.55953586955807,
      19.55168620206722,
      19.55168620206722,
      19.55168620206722,
      19.55168620206722,
      19.54688073714706,
      19.54688073714706,
      19.54688073714706,
      19.54688073714706,
      19.54688073714706,
      19.54688073714706,
      19.54688073714706,
      19.54688073714706,
      19.544335233121135,
      19.53955777143168,
      19.53955777143168,
      19.53955777143168,
      19.53955777143168,
      19.53955777143168,
      19.53955777143168,
      19.53955777143168,
      19.53955777143168,
      19.53955777143168,
      19.53955777143168,
      19.53955777143168,
      19.536872861320028,
      19.536872861320028,
      19.536872861320028,
      19.536872861320028,
      19.536872861320028,
      19.536872861320028,
      19.536872861320028,
      19.536872861320028,
      19.536872861320028,
      19.536872861320028,
      19.536872861320028,
      19.536872861320028,
      19.536872861320028,
      19.536872861320028,
      19.536872861320028,
      19.536872861320028,
      19.536872861320028,
      19.536872861320028,
      19.536872861320028,
      19.536872861320028,
      19.536872861320028,
      19.536872861320028,
      19.536872861320028,
      19.536872861320028,
      19.536872861320028,
      19.536872861320028,
      19.536872861320028,
      19.536872861320028,
      19.536872861320028,
      19.536872861320028,
      19.536872861320028,
      19.536872861320028,
      19.536872861320028,
      19.536872861320028,
      19.536872861320028,
      19.536872861320028,
      19.536872861320028,
      19.536872861320028,
      19.536872861320028,
      19.536872861320028,
      19.536872861320028,
      19.536872861320028,
      19.536872861320028,
      19.536872861320028,
      19.536872861320028,
      19.536872861320028,
      19.536872861320028,
      19.536872861320028,
      19.536872861320028,
      19.536872861320028,
      19.536872861320028
    ],
    [
      19.92650808907237,
      19.874995761790252,
      19.795641448859083,
      19.757916384541783,
      19.728019547078567,
