{
  "parameter_values": [
    0.1,
    0.3,
    0.5,
    0.7,
    1.0
  ],
  "convergence_curves": [
    [
      19.92650808907237,
      19.92650808907237,
      19.92650808907237,
      19.917872043422935,
      19.9176955557459,
      19.913729413651254,
      19.913729413651254,
      19.91111917456898,
      19.91111917456898,
      19.91111917456898,
      19.910126035052578,
      19.910126035052578,
      19.910126035052578,
      19.910126035052578,
      19.905364167804418,
      19.905364167804418,
      19.905364167804418,
      19.905364167804418,
      19.905364167804418,
      19.905364167804418,
      19.903858976123157,
      19.903858976123157,
      19.903858976123157,
      19.903858976123157,
      19.902465655919325,
      19.902465655919325,
      19.902465655919325,
      19.902465655919325,
      19.902465655919325,
      19.902404255959187,
      19.902404255959187,
      19.902404255959187,
      19.902404255959187,
      19.902404255959187,
      19.902404255959187,
      19.900802395121282,
      19.900802395121282,
      19.900802395121282,
      19.900802395121282,
      19.900802395121282,
      19.900471861810853,
      19.900471861810853,
      19.900471861810853,
      19.900471861810853,
      19.900471861810853,
      19.89975855308142,
      19.89975855308142,
      19.89975855308142,
      19.89975855308142,
      19.89975855308142,
      19.8996476618345,
      19.898461365079925,
      19.898461365079925,
      19.898461365079925,
      19.898461365079925,
      19.898461365079925,
      19.898461365079925,
      19.89815476299029,
      19.89815476299029,
      19.89815476299029,
      19.89815476299029,
      19.89815476299029,
      19.89789468766766,
      19.89789468766766,
      19.897841951290204,
      19.897841951290204,
      19.897841951290204,
      19.897841951290204,
      19.897621743072683,
      19.897565528426576,
      19.897565528426576,
      19.897539230087574,
      19.897539230087574,
      19.897539230087574,
      19.897539230087574,
      19.897539230087574,
      19.897539230087574,
      19.897539230087574,
      19.897539230087574,
      19.897539230087574,
      19.897428523268182,
      19.897428523268182,
      19.897428523268182,
      19.897428523268182,
      19.897428523268182,
      19.897428523268182,
      19.897428523268182,
      19.897428523268182,
      19.897428523268182,
      19.897428523268182,
      19.897428523268182,
      19.897417525754175,
      19.89741644388217,
      19.89741094623313,
      19.89741094623313,
      19.89741094623313,
      19.89741094623313,
      19.89741094623313,
      19.89741094623313,
      19.89741094623313
    ],
    [
      19.92650808907237,
      19.896091527481158,
      19.84079832263167,
      19.825498748803632,
      19.811586676816283,
      19.810021908486327,
      19.77110153194791,
      19.766359723168126,
      19.716089416807907,
      19.716089416807907,
      19.716089416807907,
      19.716089416807907,
      19.695931428172013,
      19.6886070692831,
      19.6886070692831,
      19.6886070692831,
      19.6886070692831,
      19.687452181199525,
      19.68498571543902,
      19.68498571543902,
      19.68498571543902,
      19.68498571543902,
      19.68498571543902,
      19.684454321432728,
      19.684454321432728,
      19.684454321432728,
      19.676863312414625,
      19.676863312414625,
      19.676863312414625,
      19.675034337865284,
      19.675034337865284,
      19.675034337865284,
      19.670605277464357,
      19.670605277464357,
      19.670605277464357,
      19.670605277464357,
      19.670605277464357,
      19.670605277464357,
      19.670605277464357,
      19.670605277464357,
      19.670605277464357,
      19.670605277464357,
      19.670605277464357,
      19.670605277464357,
      19.670605277464357,
      19.670605277464357,
      19.670605277464357,
      19.670605277464357,
      19.670605277464357,
      19.670605277464357,
      19.670605277464357,
      19.670605277464357,
      19.670605277464357,
      19.670605277464357,
      19.670605277464357,
      19.670605277464357,
      19.670605277464357,
      19.670605277464357,
      19.670605277464357,
      19.670605277464357,
      19.670605277464357,
      19.670605277464357,
      19.670605277464357,
      19.670605277464357,
      19.670605277464357,
      19.670605277464357,
      19.670605277464357,
      19.670605277464357,
      19.670605277464357,
      19.670605277464357,
      19.670605277464357,
      19.670605277464357,
      19.670605277464357,
      19.670605277464357,
      19.670605277464357,
      19.670605277464357,
      19.670605277464357,
      19.670605277464357,
      19.670605277464357,
      19.670605277464357,
      19.670605277464357,
      19.670605277464357,
      19.670605277464357,
      19.670605277464357,
      19.670605277464357,
      19.670605277464357,
      19.670605277464357,
      19.670605277464357,
      19.670605277464357,
      19.670605277464357,
      19.670605277464357,
      19.670605277464357,
      19.670605277464357,
      19.670605277464357,
      19.670605277464357,
      19.670605277464357,
      19.670605277464357,
      19.670605277464357,
      19.670605277464357,
      19.670605277464357
    ],
    [
      19.92650808907237,
      19.874995761790252,
      19.795641448859083,
      19.757916384541783,
      19.728019547078567,
      19.676827087926153,
      19.67047475467985,
      19.64186989694243,
      19.637992622854664,
      19.591653900868387,
      19.591653900868387,
      19.591653900868387,
      19.580966553667842,
      19.578550399083532,
      19.578550399083532,
      19.569316038336513,
      19.569316038336513,
      19.569316038336513,
      19.568980086519826,
      19.55953586955807,
      19.55953586955807,
      19.55953586955807,
      19.55953586955807,
      19.55953586955807,
      19.55953586955807,
      19.55168620206722,
      19.55168620206722,
      19.55168620206722,
      19.55168620206722,
      19.54688073714706,
      19.54688073714706,
      19.54688073714706,
      19.54688073714706,
      19.54688073714706,
      19.54688073714706,
      19.54688073714706,
      19.54688073714706,
      19.544335233121135,
      19.53955777143168,
      19.53955777143168,
      19.53955777143168,
      19.53955777143168,
      19.53955777143168,
      19.53955777143168,
      19.53955777143168,
      19.53955777143168,
      19.53955777143168,
      19.53955777143168,
      19.53955777143168,
      19.536872861320028,
      19.536872861320028,
      19.536872861320028,
      19.536872861320028,
      19.536872861320028,
      19.536872861320028,
      19.536872861320028,
      19.536872861320028,
      19.536872861320028,
      19.536872861320028,
      19.536872861320028,
      19.536872861320028,
      19.536872861320028,
      19.536872861320028,
      19.536872861320028,
      19.536872861320028,
      19.536872861320028,
      19.536872861320028,
      19.536872861320028,
      19.536872861320028,
      19.536872861320028,
      19.536872861320028,
      19.536872861320028,
      19.536872861320028,
      19.536872861320028,
      19.536872861320028,
      19.536872861320028,
      19.536872861320028,
      19.536872861320028,
      19.536872861320028,
      19.536872861320028,
      19.536872861320028,
      19.536872861320028,
      19.536872861320028,
      19.536872861320028,
      19.536872861320028,
      19.536872861320028,
      19.536872861320028,
      19.536872861320028,
      19.536872861320028,
      19.536872861320028,
      19.536872861320028,
      19.536872861320028,
      19.536872861320028,
      19.536872861320028,
      19.536872861320028,
      19.536872861320028,
      19.536872861320028,
      19.536872861320028,
      19.536872861320028,
      19.536872861320028
    ],
    [
      19.92650808907237,
      19.820250021626727,
      19.767676664092583,
      19.668451409148044,
      19.64087214584856,
