{
  "parameter_values": [
    0.5,
    0.8,
    1.0,
    1.2,
    1.5
  ],
  "convergence_curves": [
    [
      108.58843703231636,
      105.02131095717625,
      98.68209672115964,
      95.63383583357258,
      93.1334650387182,
      91.66822948483198,
      91.2422773336202,
      90.53710999359946,
      88.37256623437372,
      85.97652804698916,
      85.87784339456748,
      85.87784339456748,
      85.35948902551081,
      85.1049674032661,
      83.68641096646202,
      82.17651092648502,
      81.82101933136137,
      81.82101933136137,
      81.82101933136137,
      81.82101933136137,
      81.82101933136137,
      81.82101933136137,
      81.82101933136137,
      81.78984956035319,
      81.67011944738742,
      81.63413872574344,
      81.63413872574344,
      81.63413872574344,
      81.63413872574344,
      81.63413872574344,
      81.60559345855026,
      81.60559345855026,
      81.60559345855026,
      81.60559345855026,
      81.60559345855026,
      81.60559345855026,
      81.5248640005212,
      81.5248640005212,
      81.5248640005212,
      81.51545330186465,
      81.51545330186465,
      81.48257838475638,
      81.30097015982548,
      81.29512903035304,
      81.29512903035304,
      81.29512903035304,
      81.21705945770864,
      81.21705945770864,
      81.21705945770864,
      81.21705945770864,
      81.21705945770864,
      81.21705945770864,
      81.2119314766328,
      81.2119314766328,
      81.2119314766328,
      81.2078952389778,
      81.08836726508328,
      81.08836726508328,
      81.08836726508328,
      81.08836726508328,
      81.05285164698691,
      81.05285164698691,
      81.05285164698691,
      81.05285164698691,
      81.05285164698691,
      81.05285164698691,
      81.03547977851176,
      81.03547977851176,
      81.03547977851176,
      81.025714185356,
      80.96670315080799,
      80.95161959251675,
      80.95161959251675,
      80.95161959251675,
      80.95161959251675,
      80.95161959251675,
      80.95161959251675,
      80.95161959251675,
      80.95161959251675,
      80.95161959251675,
      80.95161959251675,
      80.95161959251675,
      80.9262148712125,
      80.9262148712125,
      80.9262148712125,
      80.90308440826014,
      80.90308440826014,
      80.90308440826014,
      80.90308440826014,
      80.8967508902762,
      80.8967508902762,
      80.8967508902762,
      80.8967508902762,
      80.8967508902762,
      80.8967508902762,
      80.8967508902762,
      80.8967508902762,
      80.8967508902762,
      80.8967508902762,
      80.8967508902762
    ],
    [
      108.58843703231636,
      105.02131095717625,
      98.68209672115972,
      95.63383583361001,
      93.13346503875559,
      91.668229483488,
      91.24227733227623,
      90.53710999221815,
      88.37256623436754,
      85.97652804698313,
      85.8778433945616,
      85.8778433945616,
      85.35948902549902,
      85.10496740325421,
      83.68641096645236,
      82.17651092648119,
      81.8210193313578,
      81.8210193313578,
      81.8210193313578,
      81.8210193313578,
      81.8210193313578,
      81.8210193313578,
      81.8210193313578,
      81.78984956034961,
      81.6701194469407,
      81.63413872573987,
      81.63413872573987,
      81.63413872573987,
      81.63413872573987,
      81.63413872573987,
      81.60559345854084,
      81.60559345854084,
      81.60559345854084,
      81.60559345854084,
      81.60559345854084,
      81.60559345854084,
      81.52544400226817,
      81.52544400226817,
      81.52544400226817,
      81.51603330361134,
      81.51603330361134,
      81.48315838650339,
      81.30155016157246,
      81.29512903034365,
      81.29512903034365,
      81.29512903034365,
      81.2170594560201,
      81.2170594560201,
      81.2170594560201,
      81.2170594560201,
      81.2170594560201,
      81.2170594560201,
      81.21232118195124,
      81.21232118195124,
      81.21232118195124,
      81.20789523728725,
      81.08836726339283,
      81.08836726339283,
      81.08836726339283,
      81.08836726339283,
      81.05285166311627,
      81.05285166311627,
      81.05285166311627,
      81.05285166311627,
      81.05285166311627,
      81.05285166311627,
      81.0354797745466,
      81.0354797745466,
      81.0354797745466,
      81.02571418139088,
      80.96670314684287,
      80.9516195885535,
      80.9516195885535,
      80.9516195885535,
      80.9516195885535,
      80.9516195885535,
      80.9516195885535,
      80.9516195885535,
      80.9516195885535,
      80.9516195885535,
      80.9516195885535,
      80.9516195885535,
      80.92621489409117,
      80.92621489409117,
      80.92621489409117,
      80.90308443154387,
      80.90308443154387,
      80.90308443154387,
      80.90308443154387,
      80.89675088358099,
      80.89675088358099,
      80.89675088358099,
      80.89675088358099,
      80.89675088358099,
      80.89675088358099,
      80.89675088358099,
      80.89675088358099,
      80.89675088358099,
      80.89675088358099,
      80.89675088358099
    ],
    [
      108.58843703231636,
      105.02131095717625,
      98.68209672115972,
      95.63383583361001,
      93.13346503875559,
      91.668229483488,
      91.24227733227623,
      90.53710999221815,
      88.37256623436754,
      85.97652804698313,
      85.8778433945616,
      85.8778433945616,
      85.35948902549902,
      85.10496740325421,
      83.68641096645236,
      82.17651092648119,
      81.8210193313578,
      81.8210193313578,
      81.8210193313578,
      81.8210193313578,
      81.8210193313578,
      81.8210193313578,
      81.8210193313578,
      81.78984956034961,
      81.6701194469407,
      81.63413872573987,
      81.63413872573987,
      81.63413872573987,
      81.63413872573987,
      81.63413872573987,
      81.60559345854084,
      81.60559345854084,
      81.60559345854084,
      81.60559345854084,
      81.60559345854084,
      81.60559345854084,
      81.5254443091774,
      81.5254443091774,
      81.5254443091774,
      81.51603361052057,
      81.51603361052057,
      81.4831586934126,
      81.30155046848168,
      81.29512903034365,
      81.29512903034365,
      81.29512903034365,
      81.2170594560201,
      81.2170594560201,
      81.2170594560201,
      81.2170594560201,
      81.2170594560201,
      81.2170594560201,
      81.21232138917108,
      81.21232138917108,
      81.21232138917108,
      81.20789523728725,
      81.08836726339283,
      81.08836726339283,
      81.08836726339283,
      81.08836726339283,
      81.05285166311629,
      81.05285166311629,
      81.05285166311629,
      81.05285166311629,
      81.05285166311629,
      81.05285166311629,
      81.0354797745466,
      81.0354797745466,
      81.0354797745466,
      81.02571418139088,
      80.96670314684287,
      80.9516195885535,
      80.9516195885535,
      80.9516195885535,
      80.9516195885535,
      80.9516195885535,
      80.9516195885535,
      80.9516195885535,
      80.9516195885535,
      80.9516195885535,
      80.9516195885535,
      80.9516195885535,
      80.9262148940912,
      80.9262148940912,
      80.9262148940912,
      80.90308443154389,
      80.90308443154389,
      80.90308443154389,
      80.90308443154389,
      80.89675088358099,
      80.89675088358099,
      80.89675088358099,
      80.89675088358099,
      80.89675088358099,
      80.89675088358099,
      80.89675088358099,
      80.89675088358099,
      80.89675088358099,
      80.89675088358099,
      80.89675088358099
    ],
    [
      108.58843703231636,
      105.02131095717625,
      98.68209672115972,
      95.63383583361001,
      93.13346503875559,
      91.668229483488,
      91.24227733227623,
      90.53710999221815,
      88.37256623436754,
      85.97652804698313,
      85.8778433945616,
      85.8778433945616,
      85.35948902549902,
      85.10496740325421,
      83.68641096645236,
      82.17651092648119,
      81.8210193313578,
      81.8210193313578,
