{
  "parameter_values": [
    0.5,
    0.8,
    1.0,
    1.2,
    1.5
  ],
  "convergence_curves": [
    [
      108.58843703231636,
      105.02131095717625,
      98.68209672115972,
      95.63383583361001,
      93.13346503875559,
      91.668229483488,
      91.24227733227623,
      90.53710999221815,
      88.37256623436754,
      85.97652804698313,
      85.8778433945616,
      85.8778433945616,
      85.35948902549902,
      85.10496740325421,
      83.68641096645236,
      82.17651092648119,
      81.8210193313578,
      81.8210193313578,
      81.8210193313578,
      81.8210193313578,
      81.8210193313578,
      81.8210193313578,
      81.8210193313578,
      81.78984956034961,
      81.6701194469407,
      81.63413872573987,
      81.63413872573987,
      81.63413872573987,
      81.63413872573987,
      81.63413872573987,
      81.60559345854084,
      81.60559345854084,
      81.60559345854084,
      81.60559345854084,
      81.60559345854084,
      81.60559345854084,
      81.52544431026999,
      81.52544431026999,
      81.52544431026999,
      81.51603361161315,
      81.51603361161315,
      81.48315869450519,
      81.30155046957427,
      81.29512903034365,
      81.29512903034365,
      81.29512903034365,
      81.2170594560201,
      81.2170594560201,
      81.2170594560201,
      81.2170594560201,
      81.2170594560201,
      81.2170594560201,
      81.2123213899115,
      81.2123213899115,
      81.2123213899115,
      81.20789523728725,
      81.08836726339283,
      81.08836726339283,
      81.08836726339283,
      81.08836726339283,
      81.05285166311629,
      81.05285166311629,
      81.05285166311629,
      81.05285166311629,
      81.05285166311629,
      81.05285166311629,
      81.0354797745466,
      81.0354797745466,
      81.0354797745466,
      81.02571418139088,
      80.96670314684287,
      80.9516195885535,
      80.9516195885535,
      80.9516195885535,
      80.9516195885535,
      80.9516195885535,
      80.9516195885535,
      80.9516195885535,
      80.9516195885535,
      80.9516195885535,
      80.9516195885535,
      80.9516195885535,
      80.9262148940912,
      80.9262148940912,
      80.9262148940912,
      80.90308443154389,
      80.90308443154389,
      80.90308443154389,
      80.90308443154389,
      80.89675088358099,
      80.89675088358099,
      80.89675088358099,
      80.89675088358099,
      80.89675088358099,
      80.89675088358099,
      80.89675088358099,
      80.89675088358099,
      80.89675088358099,
      80.89675088358099,
      80.89675088358099
    ],
    [
      108.58843703231636,
      105.02131095717625,
      98.68209672115972,
      95.63383583361001,
      93.13346503875559,
      91.668229483488,
      91.24227733227623,
      90.53710999221815,
      88.37256623436754,
      85.97652804698313,
      85.8778433945616,
      85.8778433945616,
      85.35948902549902,
      85.10496740325421,
      83.68641096645236,
      82.17651092648119,
      81.8210193313578,
      81.8210193313578,
      81.8210193313578,
      81.8210193313578,
      81.8210193313578,
      81.8210193313578,
      81.8210193313578,
      81.78984956034961,
      81.6701194469407,
      81.63413872573987,
      81.63413872573987,
      81.63413872573987,
      81.63413872573987,
      81.63413872573987,
      81.60559345854084,
      81.60559345854084,
      81.60559345854084,
      81.60559345854084,
      81.60559345854084,
      81.60559345854084,
      81.52544430961443,
      81.52544430961443,
      81.52544430961443,
      81.51603361095759,
      81.51603361095759,
      81.48315869384965,
      81.30155046891872,
      81.29512903034365,
      81.29512903034365,
      81.29512903034365,
      81.2170594560201,
      81.2170594560201,
      81.2170594560201,
      81.2170594560201,
      81.2170594560201,
      81.2170594560201,
      81.21232138946723,
      81.21232138946723,
      81.21232138946723,
      81.20789523728725,
      81.08836726339283,
      81.08836726339283,
      81.08836726339283,
      81.08836726339283,
      81.05285166311629,
      81.05285166311629,
      81.05285166311629,
      81.05285166311629,
      81.05285166311629,
      81.05285166311629,
      81.0354797745466,
      81.0354797745466,
      81.0354797745466,
      81.02571418139088,
      80.96670314684287,
      80.9516195885535,
      80.9516195885535,
      80.9516195885535,
      80.9516195885535,
      80.9516195885535,
      80.9516195885535,
      80.9516195885535,
      80.9516195885535,
      80.9516195885535,
      80.9516195885535,
      80.9516195885535,
      80.9262148940912,
      80.9262148940912,
      80.9262148940912,
      80.90308443154389,
      80.90308443154389,
      80.90308443154389,
      80.90308443154389,
      80.89675088358099,
      80.89675088358099,
      80.89675088358099,
      80.89675088358099,
      80.89675088358099,
      80.89675088358099,
      80.89675088358099,
      80.89675088358099,
      80.89675088358099,
      80.89675088358099,
      80.89675088358099
    ],
    [
      108.58843703231636,
      105.02131095717625,
      98.68209672115972,
      95.63383583361001,
      93.13346503875559,
      91.668229483488,
      91.24227733227623,
      90.53710999221815,
      88.37256623436754,
      85.97652804698313,
      85.8778433945616,
      85.8778433945616,
      85.35948902549902,
      85.10496740325421,
      83.68641096645236,
      82.17651092648119,
      81.8210193313578,
      81.8210193313578,
      81.8210193313578,
      81.8210193313578,
      81.8210193313578,
      81.8210193313578,
      81.8210193313578,
      81.78984956034961,
      81.6701194469407,
      81.63413872573987,
      81.63413872573987,
      81.63413872573987,
      81.63413872573987,
      81.63413872573987,
      81.60559345854084,
      81.60559345854084,
      81.60559345854084,
      81.60559345854084,
      81.60559345854084,
      81.60559345854084,
      81.5254443091774,
      81.5254443091774,
      81.5254443091774,
      81.51603361052057,
      81.51603361052057,
      81.4831586934126,
      81.30155046848168,
      81.29512903034365,
      81.29512903034365,
      81.29512903034365,
      81.2170594560201,
      81.2170594560201,
      81.2170594560201,
      81.2170594560201,
      81.2170594560201,
      81.2170594560201,
      81.21232138917108,
      81.21232138917108,
      81.21232138917108,
      81.20789523728725,
      81.08836726339283,
      81.08836726339283,
      81.08836726339283,
      81.08836726339283,
      81.05285166311629,
      81.05285166311629,
      81.05285166311629,
      81.05285166311629,
      81.05285166311629,
      81.05285166311629,
      81.0354797745466,
      81.0354797745466,
      81.0354797745466,
      81.02571418139088,
      80.96670314684287,
      80.9516195885535,
      80.9516195885535,
      80.9516195885535,
      80.9516195885535,
      80.9516195885535,
      80.9516195885535,
      80.9516195885535,
      80.9516195885535,
      80.9516195885535,
      80.9516195885535,
      80.9516195885535,
      80.9262148940912,
      80.9262148940912,
      80.9262148940912,
      80.90308443154389,
      80.90308443154389,
      80.90308443154389,
      80.90308443154389,
      80.89675088358099,
      80.89675088358099,
      80.89675088358099,
      80.89675088358099,
      80.89675088358099,
      80.89675088358099,
      80.89675088358099,
      80.89675088358099,
      80.89675088358099,
      80.89675088358099,
      80.89675088358099
    ],
    [
      108.58843703231636,
      105.02131095717625,
      98.68209672115972,
      95.63383583361001,
      93.13346503875559,
      91.668229483488,
      91.24227733227623,
      90.53710999221815,
      88.37256623436754,
      85.97652804698313,
      85.8778433945616,
      85.8778433945616,
      85.35948902549902,
      85.10496740325421,
      83.68641096645236,
      82.17651092648119,
      81.8210193313578,
      81.8210193313578,
