{
  "parameter_values": [
    0.1,
    0.3,
    0.5,
    0.7,
    1.0
  ],
  "convergence_curves": [
    [
      108.58843703231636,
      108.58843703231636,
      108.18829405770339,
      108.03949640618063,
      108.03949640618063,
      107.74213409970218,
      107.45874608903016,
      107.45874608903016,
      107.45874608903016,
      107.45874608903016,
      107.27199856650586,
      107.2465652936385,
      106.9671141816162,
      106.6698770602352,
      106.57661006727565,
      106.35299684133176,
      106.35299684133176,
      105.98329829218426,
      105.98329829218426,
      105.74348824764863,
      105.74348824764863,
      105.55564919303178,
      105.55564919303178,
      105.55564919303178,
      105.55564919303178,
      105.55564919303178,
      105.55564919303178,
      105.55564919303178,
      105.55564919303178,
      105.55564919303178,
      105.55564919303178,
      105.55564919303178,
      105.55564919303178,
      105.55564919303178,
      105.55564919303178,
      105.55564919303178,
      105.55564919303178,
      105.55564919303178,
      105.55564919303178,
      105.55564919303178,
      105.55564919303178,
      105.55564919303178,
      105.55564919303178,
      105.55564919303178,
      105.55564919303178,
      105.55564919303178,
      105.55564919303178,
      105.55564919303178,
      105.55564919303178,
      105.55564919303178,
      105.55564919303178,
      105.55564919303178,
      105.55564919303178,
      105.55564919303178,
      105.55564919303178,
      105.55564919303178,
      105.55564919303178,
      105.55564919303178,
      105.55564919303178,
      105.55564919303178,
      105.55564919303178,
      105.55564919303178,
      105.55564919303178,
      105.55564919303178,
      105.55564919303178,
      105.55564919303178,
      105.55564919303178,
      105.55564919303178,
      105.55564919303178,
      105.55564919303178,
      105.55564919303178,
      105.55564919303178,
      105.55564919303178,
      105.55564919303178,
      105.55564919303178,
      105.55564919303178,
      105.55564919303178,
      105.55564919303178,
      105.55564919303178,
      105.54839401867223,
      105.54839401867223,
      105.54839401867223,
      105.54839401867223,
      105.54839401867223,
      105.54476116790038,
      105.54476116790038,
      105.54476116790038,
      105.54476116790038,
      105.54476116790038,
      105.54476116790038,
      105.54476116790038,
      105.54476116790038,
      105.54476116790038,
      105.54476116790038,
      105.54476116790038,
      105.54476116790038,
      105.54476116790038,
      105.54476116790038,
      105.54476116790038,
      105.54476116790038
    ],
    [
      108.58843703231636,
      107.57262849631513,
      105.48749238674031,
      102.75348784790269,
      98.37080218084293,
      96.4565096103444,
      93.40320494986187,
      92.22111677889285,
      90.74131318272086,
      90.15014601092825,
      88.54305445034714,
      88.46959228241596,
      87.65747890187882,
      87.65747890187882,
      87.65747890187882,
      87.65747890187882,
      87.65747890187882,
      87.65747890187882,
      86.9665568855965,
      86.9665568855965,
      86.3496564332601,
      86.3496564332601,
      85.9720281814063,
      85.66303809787422,
      85.66303809787422,
      85.66303809787422,
      85.66303809787422,
      85.59321622005567,
      85.59321622005567,
      85.51245170129769,
      85.1921858109359,
      85.1921858109359,
      85.1921858109359,
      85.17986639568163,
      85.05693466175195,
      85.05667713084621,
      84.76652103984023,
      84.76652103984023,
      84.76652103984023,
      84.66773811306243,
      84.49191026452303,
      84.43640630418595,
      84.31955401542089,
      84.31955401542089,
      84.31955401542089,
      84.31955401542089,
      84.28480070547292,
      84.16197174694545,
      84.16197174694545,
      84.16197174694545,
      84.16197174694545,
      84.16197174694545,
      84.16197174694545,
      84.16197174694545,
      84.16197174694545,
      84.16197174694545,
      84.16197174694545,
      84.16197174694545,
      84.16197174694545,
      84.16197174694545,
      84.16197174694545,
      84.115904059775,
      84.115904059775,
      84.115904059775,
      84.06942879574197,
      84.06942879574197,
      84.06942879574197,
      84.06942879574197,
      84.06942879574197,
      84.06942879574197,
      84.06942879574197,
      84.06942879574197,
      84.03578766749513,
      84.03578766749513,
      84.03109584503397,
      83.9740237386035,
      83.9740237386035,
      83.96192193834476,
      83.94546829473896,
      83.94546829473896,
      83.94546829473896,
      83.93000659325119,
      83.93000659325119,
      83.92161421934419,
      83.92161421934419,
      83.92161421934419,
      83.92161421934419,
      83.92161421934419,
      83.92161421934419,
      83.92161421934419,
      83.92161421934419,
      83.92161421934419,
      83.92161421934419,
      83.92161421934419,
      83.92161421934419,
      83.92161421934419,
      83.92161421934419,
      83.92161421934419,
      83.92161421934419,
      83.92161421934419
    ],
    [
      108.58843703231636,
      105.02131095717625,
      98.68209672115972,
      95.63383583361001,
      93.13346503875559,
      91.668229483488,
      91.24227733227623,
      90.53710999221815,
      88.37256623436754,
      85.97652804698313,
      85.8778433945616,
      85.8778433945616,
      85.35948902549902,
      85.10496740325421,
      83.68641096645236,
      82.17651092648119,
      81.8210193313578,
      81.8210193313578,
      81.8210193313578,
      81.8210193313578,
      81.8210193313578,
      81.8210193313578,
      81.8210193313578,
      81.78984956034961,
      81.6701194469407,
      81.63413872573987,
      81.63413872573987,
      81.63413872573987,
      81.63413872573987,
      81.63413872573987,
      81.60559345854084,
      81.60559345854084,
      81.60559345854084,
      81.60559345854084,
      81.60559345854084,
      81.60559345854084,
      81.5254443091774,
      81.5254443091774,
      81.5254443091774,
      81.51603361052057,
      81.51603361052057,
      81.4831586934126,
      81.30155046848168,
      81.29512903034365,
      81.29512903034365,
      81.29512903034365,
      81.2170594560201,
      81.2170594560201,
      81.2170594560201,
      81.2170594560201,
      81.2170594560201,
      81.2170594560201,
      81.21232138917108,
      81.21232138917108,
      81.21232138917108,
      81.20789523728725,
      81.08836726339283,
      81.08836726339283,
      81.08836726339283,
      81.08836726339283,
      81.05285166311629,
      81.05285166311629,
      81.05285166311629,
      81.05285166311629,
      81.05285166311629,
      81.05285166311629,
      81.0354797745466,
      81.0354797745466,
      81.0354797745466,
      81.02571418139088,
      80.96670314684287,
      80.9516195885535,
      80.9516195885535,
      80.9516195885535,
      80.9516195885535,
      80.9516195885535,
      80.9516195885535,
      80.9516195885535,
      80.9516195885535,
      80.9516195885535,
      80.9516195885535,
      80.9516195885535,
      80.9262148940912,
      80.9262148940912,
      80.9262148940912,
      80.90308443154389,
      80.90308443154389,
      80.90308443154389,
      80.90308443154389,
      80.89675088358099,
      80.89675088358099,
      80.89675088358099,
      80.89675088358099,
      80.89675088358099,
      80.89675088358099,
      80.89675088358099,
      80.89675088358099,
      80.89675088358099,
      80.89675088358099,
      80.89675088358099
    ],
    [
      108.58843703231636,
      101.05728564519704,
      97.67515733665549,
      92.62238255285257,
      91.41358619244059,
      86.6596653241946,
      85.00903392527323,
      83.39754866620481,
      83.39754866620481,
      82.87076265313851,
      82.55979498391454,
      82.55979498391454,
