algorithm,function,parameter,value,best_mean,best_std,best_min,best_max
FA,sphere,gamma,0.5,14671.974212728604,2419.0643166906907,8651.596436036485,16802.22701840785
FA,sphere,gamma,0.8,14671.974212728604,2419.0643166906907,8651.596436036485,16802.22701840785
FA,sphere,gamma,1.0,14671.974212728604,2419.0643166906907,8651.596436036485,16802.22701840785
FA,sphere,gamma,1.2,14671.974212728604,2419.0643166906907,8651.596436036485,16802.22701840785
FA,sphere,gamma,1.5,14671.974212728604,2419.0643166906907,8651.596436036485,16802.22701840785
