{
  "parameter_values": [
    0.1,
    0.3,
    0.5,
    0.7,
    1.0
  ],
  "convergence_curves": [
    [
      14675.831306123804,
      14675.831306123804,
      14675.831306123804,
      14675.831306123804,
      14675.831306123804,
      14675.831306123804,
      14675.831306123804,
      14675.757475554148,
      14675.757475554148,
      14675.43843274602,
      14675.43843274602,
      14675.43843274602,
      14675.43843274602,
      14675.43843274602,
      14675.43843274602,
      14675.43843274602,
      14675.43843274602,
      14675.43843274602,
      14675.43843274602,
      14675.43843274602,
      14675.43843274602,
      14675.43843274602,
      14675.43843274602,
      14675.43843274602,
      14675.43843274602,
      14675.43843274602,
      14675.43843274602,
      14675.43843274602,
      14675.43843274602,
      14675.43843274602,
      14675.43843274602,
      14675.43843274602,
      14675.43843274602,
      14675.43843274602,
      14675.43843274602,
      14675.43843274602,
      14675.43843274602,
      14675.43843274602,
      14675.43843274602,
      14675.43843274602,
      14675.43843274602,
      14675.43843274602,
      14675.43843274602,
      14675.43843274602,
      14675.43843274602,
      14675.43843274602,
      14675.43843274602,
      14675.43843274602,
      14675.43843274602,
      14675.43843274602,
      14675.43843274602,
      14675.43843274602,
      14675.43843274602,
      14675.43843274602,
      14675.43843274602,
      14675.43843274602,
      14675.43843274602,
      14675.43843274602,
      14675.43843274602,
      14675.43843274602,
      14675.43843274602,
      14675.43843274602,
      14675.43843274602,
      14675.43843274602,
      14675.43843274602,
      14675.43843274602,
      14675.43843274602,
      14675.43843274602,
      14675.43843274602,
      14675.43843274602,
      14675.43843274602,
      14675.43843274602,
      14675.43843274602,
      14675.43843274602,
      14675.43843274602,
      14675.43843274602,
      14675.43843274602,
      14675.43843274602,
      14675.43843274602,
      14675.43843274602,
      14675.43843274602,
      14675.43843274602,
      14675.43843274602,
      14675.43843274602,
      14675.43843274602,
      14675.43843274602,
      14675.43843274602,
      14675.43843274602,
      14675.43843274602,
      14675.43843274602,
      14675.43843274602,
      14675.43843274602,
      14675.43843274602,
      14675.43843274602,
      14675.43843274602,
      14675.43843274602,
      14675.43843274602,
      14675.43843274602,
      14675.43843274602,
      14675.43843274602
    ],
    [
      14675.831306123804,
      14674.608256020787,
      14674.608256020787,
      14674.608256020787,
      14674.608256020787,
      14674.228571105088,
      14674.228571105088,
      14674.228571105088,
      14674.228571105088,
      14674.228571105088,
      14674.228571105088,
      14674.228571105088,
      14674.228571105088,
      14674.228571105088,
      14674.228571105088,
      14674.228571105088,
      14674.228571105088,
      14674.228571105088,
      14674.228571105088,
      14674.228571105088,
      14674.228571105088,
      14674.228571105088,
      14674.228571105088,
      14674.228571105088,
      14674.228571105088,
      14674.228571105088,
      14674.228571105088,
      14674.228571105088,
      14674.228571105088,
      14674.228571105088,
      14674.228571105088,
      14674.228571105088,
      14674.228571105088,
      14674.228571105088,
      14674.228571105088,
      14674.228571105088,
      14674.228571105088,
      14674.228571105088,
      14674.228571105088,
      14674.228571105088,
      14674.228571105088,
      14674.228571105088,
      14674.228571105088,
      14674.228571105088,
      14674.228571105088,
      14674.228571105088,
      14674.228571105088,
      14674.228571105088,
      14674.228571105088,
      14674.228571105088,
      14674.228571105088,
      14674.228571105088,
      14674.228571105088,
      14674.228571105088,
      14674.228571105088,
      14674.228571105088,
      14674.228571105088,
      14674.228571105088,
      14674.228571105088,
      14674.228571105088,
      14674.228571105088,
      14674.228571105088,
      14674.228571105088,
      14674.228571105088,
      14674.228571105088,
      14674.228571105088,
      14674.228571105088,
      14674.228571105088,
      14674.228571105088,
      14674.228571105088,
      14674.228571105088,
      14674.228571105088,
      14674.228571105088,
      14674.228571105088,
      14674.228571105088,
      14674.228571105088,
      14674.228571105088,
      14674.228571105088,
      14674.228571105088,
      14674.228571105088,
      14674.228571105088,
      14674.228571105088,
      14674.228571105088,
      14674.228571105088,
      14674.228571105088,
      14674.228571105088,
      14674.228571105088,
      14674.228571105088,
      14674.228571105088,
      14674.228571105088,
      14674.228571105088,
      14674.228571105088,
      14674.228571105088,
      14674.228571105088,
      14674.228571105088,
      14674.228571105088,
      14674.228571105088,
      14674.228571105088,
      14674.228571105088,
      14674.228571105088
    ],
    [
      14675.831306123804,
      14673.054049708178,
      14673.054049708178,
      14673.054049708178,
      14673.054049708178,
      14673.054049708178,
      14673.054049708178,
      14673.054049708178,
      14673.054049708178,
      14673.054049708178,
      14673.054049708178,
      14673.054049708178,
      14673.054049708178,
      14673.054049708178,
      14673.054049708178,
      14672.299423112083,
      14672.250440300908,
      14671.974212728604,
      14671.974212728604,
      14671.974212728604,
      14671.974212728604,
      14671.974212728604,
      14671.974212728604,
      14671.974212728604,
      14671.974212728604,
      14671.974212728604,
      14671.974212728604,
      14671.974212728604,
      14671.974212728604,
      14671.974212728604,
      14671.974212728604,
      14671.974212728604,
      14671.974212728604,
      14671.974212728604,
      14671.974212728604,
      14671.974212728604,
      14671.974212728604,
      14671.974212728604,
      14671.974212728604,
      14671.974212728604,
      14671.974212728604,
      14671.974212728604,
      14671.974212728604,
      14671.974212728604,
      14671.974212728604,
      14671.974212728604,
      14671.974212728604,
      14671.974212728604,
      14671.974212728604,
      14671.974212728604,
      14671.974212728604,
      14671.974212728604,
      14671.974212728604,
      14671.974212728604,
      14671.974212728604,
      14671.974212728604,
      14671.974212728604,
      14671.974212728604,
      14671.974212728604,
      14671.974212728604,
      14671.974212728604,
      14671.974212728604,
      14671.974212728604,
      14671.974212728604,
      14671.974212728604,
      14671.974212728604,
      14671.974212728604,
      14671.974212728604,
      14671.974212728604,
      14671.974212728604,
      14671.974212728604,
      14671.974212728604,
      14671.974212728604,
      14671.974212728604,
      14671.974212728604,
      14671.974212728604,
      14671.974212728604,
      14671.974212728604,
      14671.974212728604,
      14671.974212728604,
      14671.974212728604,
      14671.974212728604,
      14671.974212728604,
      14671.974212728604,
      14671.974212728604,
      14671.974212728604,
      14671.974212728604,
      14671.974212728604,
      14671.974212728604,
      14671.974212728604,
      14671.974212728604,
      14671.974212728604,
      14671.974212728604,
      14671.974212728604,
      14671.974212728604,
      14671.974212728604,
      14671.974212728604,
      14671.974212728604,
      14671.974212728604,
      14671.974212728604
    ],
    [
      14675.831306123804,
      14675.831306123804,
      14675.831306123804,
      14675.831306123804,
      14671.189648122609,
