Algorithm,Scalability Coefficient,Time Complexity
GA,0.011608674000885525,O(n)
FA,0.012943398912074225,O(n)
PSO,0.004877141208971965,O(n)
SA,5.5868827690512504e-05,O(n)
CS,0.006032110311217243,O(n)
ABC,0.003149945695521476,O(n)
