Algorithm,Scalability Coefficient,Time Complexity
GA,0.017365872657905183,O(n)
FA,-0.09039442094705884,O(n)
PSO,0.0017700696395615359,O(n)
SA,-5.3191265817415936e-05,O(n)
CS,-0.018010448358826717,O(n)
ABC,-0.024487990686448958,O(n)
