{
  "GA": {
    "dimensions": [
      5,
      10,
      20,
      30
    ],
    "times": [
      0.4133120059967041,
      1.0602893829345703,
      0.7193368434906006,
      1.0896524429321288
    ]
  },
  "FA": {
    "dimensions": [
      5,
      10,
      20,
      30
    ],
    "times": [
      5.982547426223755,
      10.613386535644532,
      8.170110893249511,
      5.066652059555054
    ]
  },
  "PSO": {
    "dimensions": [
      5,
      10,
      20,
      30
    ],
    "times": [
      0.1654491901397705,
      0.35939226150512693,
      0.3599392890930176,
      0.24803242683410645
    ]
  },
  "SA": {
    "dimensions": [
      5,
      10,
      20,
      30
    ],
    "times": [
      0.0028914451599121095,
      0.005076789855957031,
      0.004385471343994141,
      0.00205082893371582
    ]
  },
  "CS": {
    "dimensions": [
      5,
      10,
      20,
      30
    ],
    "times": [
      1.217263126373291,
      1.7903467655181884,
      1.5405589103698731,
      0.9065766334533691
    ]
  },
  "ABC": {
    "dimensions": [
      5,
      10,
      20,
      30
    ],
    "times": [
      1.3979337215423584,
      2.1234772205352783,
      1.8512673854827881,
      0.9473663806915283
    ]
  }
}