Algorithm,Scalability Coefficient,Time Complexity
GA,0.01340009608511198,O(n)
FA,0.06033015639094988,O(n)
PSO,0.003900265936124125,O(n)
SA,-8.939306614762641e-05,O(n)
CS,-0.0012739289817163483,O(n)
ABC,-0.00017390218831724678,O(n)
