Algorithm,Best Fitness,Mean Fitness,Std Fitness,Convergence Speed (iter),Mean Time (s),Std Time (s),Robustness
GA,0.3666493657617882,1.2003491639387411,0.36615886613291426,86.9,0.20890504519144695,0.016611264174528847,0.7319792922990184
FA,17.47487066631636,19.338385250991184,0.5268108040945829,15.466666666666667,3.650441527366638,0.8275861055713148,0.6549599972165588
PSO,2.5887173034934183,3.8662128890191925,0.6321927041606902,81.73333333333333,0.2080912431081136,0.036725438946816305,0.6126727545410897
SA,17.83231331748566,20.36348941576677,0.5532966322252785,25.433333333333334,0.0041808287302653,0.001900933314254698,0.643792035116553
CS,11.148261186381141,17.44264255215933,1.5793540298276965,37.56666666666667,1.0081368207931518,0.1448014483467838,0.38769396850373467
ABC,0.21244728872815388,1.336793094927405,0.6908088346150733,91.5,0.24456785519917806,0.01799356425131245,0.5914329163223578
