{
  "GA": {
    "dimensions": [
      5,
      10,
      20,
      30
    ],
    "times": [
      0.19773273468017577,
      0.4121878147125244,
      0.28928604125976565,
      0.5815667629241943
    ]
  },
  "FA": {
    "dimensions": [
      5,
      10,
      20,
      30
    ],
    "times": [
      5.557034683227539,
      4.662728309631348,
      5.322208499908447,
      5.561693716049194
    ]
  },
  "PSO": {
    "dimensions": [
      5,
      10,
      20,
      30
    ],
    "times": [
      0.2234516143798828,
      0.14206676483154296,
      0.30190443992614746,
      0.29585833549499513
    ]
  },
  "SA": {
    "dimensions": [
      5,
      10,
      20,
      30
    ],
    "times": [
      0.002037668228149414,
      0.0034022808074951174,
      0.0035573482513427735,
      0.0037417888641357424
    ]
  },
  "CS": {
    "dimensions": [
      5,
      10,
      20,
      30
    ],
    "times": [
      1.1212640285491944,
      0.6329270839691162,
      1.1265580654144287,
      1.059619092941284
    ]
  },
  "ABC": {
    "dimensions": [
      5,
      10,
      20,
      30
    ],
    "times": [
      0.45237298011779786,
      0.236696195602417,
      0.4525400161743164,
      0.4387683391571045
    ]
  }
}