Algorithm,Best Fitness,Mean Fitness,Std Fitness,Convergence Speed (iter),Mean Time (s),Std Time (s),Robustness
GA,0.3666493657617882,1.2003491639387411,0.36615886613291426,86.9,0.22311694622039796,0.023630673833688023,0.7319792922990184
FA,17.47487066631636,19.338385250991184,0.5268108040945829,15.466666666666667,5.5599207560221355,0.65233516714941,0.6549599972165588
PSO,2.5887173034934183,3.8662128890191925,0.6321927041606902,81.73333333333333,0.16438937187194824,0.05109279132993036,0.6126727545410897
SA,17.83231331748566,20.36348941576677,0.5532966322252785,25.433333333333334,0.004677716890970866,0.002079692685004359,0.643792035116553
CS,11.148261186381141,17.44264255215933,1.5793540298276965,37.56666666666667,1.0348783254623413,0.08423899247862644,0.38769396850373467
ABC,0.21244728872815388,1.336793094927405,0.6908088346150733,91.5,0.428147824605306,0.08596226668814723,0.5914329163223578
