{
  "GA": {
    "dimensions": [
      5,
      10,
      20,
      30
    ],
    "times": [
      0.18751816749572753,
      0.24234113693237305,
      0.650435495376587,
      0.44555373191833497
    ]
  },
  "FA": {
    "dimensions": [
      5,
      10,
      20,
      30
    ],
    "times": [
      3.627770185470581,
      3.638216495513916,
      4.779931449890137,
      4.936237812042236
    ]
  },
  "PSO": {
    "dimensions": [
      5,
      10,
      20,
      30
    ],
    "times": [
      0.11496429443359375,
      0.17403812408447267,
      0.1816633701324463,
      0.22822341918945313
    ]
  },
  "SA": {
    "dimensions": [
      5,
      10,
      20,
      30
    ],
    "times": [
      0.002823209762573242,
      0.002469587326049805,
      0.003795289993286133,
      0.0
    ]
  },
  "CS": {
    "dimensions": [
      5,
      10,
      20,
      30
    ],
    "times": [
      0.684313440322876,
      1.066569185256958,
      0.8241852760314942,
      0.7857547283172608
    ]
  },
  "ABC": {
    "dimensions": [
      5,
      10,
      20,
      30
    ],
    "times": [
      0.26815075874328614,
      0.438033390045166,
      0.30304555892944335,
      0.3311896324157715
    ]
  }
}