Algorithm,Best Fitness,Mean Fitness,Std Fitness,Convergence Speed (iter),Mean Time (s),Std Time (s),Robustness
GA,0.3666493657617882,1.2003491639387411,0.36615886613291426,86.9,0.5688762585322062,0.055062862034037006,0.7319792922990184
FA,17.47487066631636,19.338385250991184,0.5268108040945829,15.466666666666667,4.5302064975102745,1.1507669991133578,0.6549599972165588
PSO,2.5887173034934183,3.8662128890191925,0.6321927041606902,81.73333333333333,0.15836025873819987,0.02540946644980724,0.6126727545410897
SA,17.83231331748566,20.36348941576677,0.5532966322252785,25.433333333333334,0.003902761141459147,0.0023412745656718357,0.643792035116553
CS,11.148261186381141,17.44264255215933,1.5793540298276965,37.56666666666667,0.8860944747924805,0.1287837109404838,0.38769396850373467
ABC,0.12623714285788212,0.6619458569021016,0.49669828288282747,90.7,0.8642221848169963,0.1767988780383209,0.6681373336474171
