Algorithm,Best Fitness,Mean Fitness,Std Fitness,Convergence Speed (iter),Mean Time (s),Std Time (s),Robustness
GA,0.2548806909042298,0.9885099323235977,0.650373470707168,70.66666666666667,0.24693833986918132,0.04659467942429651,0.6059234577804443
FA,58.90239951494946,74.5060572973157,9.138033005129072,25.8,3.639436427752177,0.4256231872109301,0.0986384636441878
PSO,12.703365802400242,34.3785837820056,9.428062384904868,74.2,0.1395381291707357,0.027380661315587283,0.09589509182909656
SA,64.93961065225804,99.11324851038334,20.08566091159038,90.56666666666666,0.001893313725789388,0.0020269526216317064,0.047425594302824024
CS,22.72347009591499,64.30959992807358,16.41256401541581,34.1,0.7262123187383016,0.06259100611640356,0.05742979604351623
ABC,1.0303941886854489,2.8725993489453687,1.2981062875783256,73.9,0.6804289182027181,0.15675879940300771,0.4351408833460743
