Algorithm,Scalability Coefficient,Time Complexity
GA,0.003889506550158489,O(n)
FA,0.08930659552751975,O(n)
PSO,0.007068067324363585,O(n)
SA,9.743512687036555e-05,O(n)
CS,0.007670961315349017,O(n)
ABC,0.0028566488169007452,O(n)
