{
  "GA": {
    "dimensions": [
      5,
      10,
      20,
      30
    ],
    "times": [
      0.30205445289611815,
      0.244832181930542,
      0.3176624298095703,
      0.39393081665039065
    ]
  },
  "FA": {
    "dimensions": [
      5,
      10,
      20,
      30
    ],
    "times": [
      3.704947805404663,
      3.3451637744903566,
      3.4818952560424803,
      3.9457239627838137
    ]
  },
  "PSO": {
    "dimensions": [
      5,
      10,
      20,
      30
    ],
    "times": [
      0.10752906799316406,
      0.10831146240234375,
      0.187589693069458,
      0.1908489227294922
    ]
  },
  "SA": {
    "dimensions": [
      5,
      10,
      20,
      30
    ],
    "times": [
      0.0024738311767578125,
      0.0025016307830810548,
      0.0019035816192626953,
      0.002476358413696289
    ]
  },
  "CS": {
    "dimensions": [
      5,
      10,
      20,
      30
    ],
    "times": [
      0.725217866897583,
      0.7111651420593261,
      0.8237900733947754,
      0.8511323928833008
    ]
  },
  "ABC": {
    "dimensions": [
      5,
      10,
      20,
      30
    ],
    "times": [
      0.6836149215698242,
      0.5614274024963379,
      0.6781631469726562,
      0.7671323776245117
    ]
  }
}