Algorithm,Scalability Coefficient,Time Complexity
GA,0.004554492497848262,O(n)
FA,0.012807797415781856,O(n)
PSO,0.003907756967059639,O(n)
SA,-6.176091856875662e-06,O(n)
CS,0.005935728913646639,O(n)
ABC,0.005129743349754214,O(n)
