{
  "GA": {
    "dimensions": [
      5,
      10,
      20,
      30
    ],
    "times": [
      0.29917001724243164,
      0.2684808254241943,
      0.25385274887084963,
      0.40188913345336913
    ]
  },
  "FA": {
    "dimensions": [
      5,
      10,
      20,
      30
    ],
    "times": [
      4.715866136550903,
      2.9827998638153077,
      2.833891725540161,
      6.836415004730225
    ]
  },
  "PSO": {
    "dimensions": [
      5,
      10,
      20,
      30
    ],
    "times": [
      0.18672947883605956,
      0.10659890174865723,
      0.14038405418395997,
      0.35249886512756345
    ]
  },
  "SA": {
    "dimensions": [
      5,
      10,
      20,
      30
    ],
    "times": [
      0.0016165733337402343,
      0.0,
      0.0017057895660400391,
      0.0034704685211181642
    ]
  },
  "CS": {
    "dimensions": [
      5,
      10,
      20,
      30
    ],
    "times": [
      1.0647363662719727,
      0.592989444732666,
      0.6702655792236328,
      1.1636101245880126
    ]
  },
  "ABC": {
    "dimensions": [
      5,
      10,
      20,
      30
    ],
    "times": [
      0.4063261032104492,
      0.1997692108154297,
      0.23162312507629396,
      0.436693000793457
    ]
  }
}