{
  "GA": {
    "dimensions": [
      5,
      10,
      20,
      30
    ],
    "times": [
      0.2239781379699707,
      0.2187650203704834,
      0.27994499206542967,
      0.32234344482421873
    ]
  },
  "FA": {
    "dimensions": [
      5,
      10,
      20,
      30
    ],
    "times": [
      3.426175355911255,
      2.8868150234222414,
      2.8804575920104982,
      2.929014492034912
    ]
  },
  "PSO": {
    "dimensions": [
      5,
      10,
      20,
      30
    ],
    "times": [
      0.09671158790588379,
      0.1104811191558838,
      0.13210535049438477,
      0.15572872161865234
    ]
  },
  "SA": {
    "dimensions": [
      5,
      10,
      20,
      30
    ],
    "times": [
      0.0023399829864501954,
      0.0042381763458251955,
      0.0017049789428710937,
      0.0
    ]
  },
  "CS": {
    "dimensions": [
      5,
      10,
      20,
      30
    ],
    "times": [
      0.6179886341094971,
      0.6459315299987793,
      0.609721040725708,
      0.6129021167755127
    ]
  },
  "ABC": {
    "dimensions": [
      5,
      10,
      20,
      30
    ],
    "times": [
      0.19420971870422363,
      0.19891047477722168,
      0.20304384231567382,
      0.20982518196105956
    ]
  }
}