Algorithm,Scalability Coefficient,Time Complexity
GA,0.004325371273493364,O(n)
FA,-0.014946173328464287,O(n)
PSO,0.0023271935673083305,O(n)
SA,-0.0001258840399273372,O(n)
CS,-0.0007473523738020455,O(n)
ABC,0.0005924362247273077,O(n)
