{
  "GA": {
    "dimensions": [
      5,
      10,
      20,
      30
    ],
    "times": [
      0.15214695930480956,
      0.20098085403442384,
      0.26575260162353515,
      0.32816166877746583
    ]
  },
  "FA": {
    "dimensions": [
      5,
      10,
      20,
      30
    ],
    "times": [
      2.595047616958618,
      2.575974130630493,
      2.5951818943023683,
      2.6288247108459473
    ]
  },
  "PSO": {
    "dimensions": [
      5,
      10,
      20,
      30
    ],
    "times": [
      0.07229604721069335,
      0.0906219482421875,
      0.11020817756652831,
      0.13868184089660646
    ]
  },
  "SA": {
    "dimensions": [
      5,
      10,
      20,
      30
    ],
    "times": [
      0.001150369644165039,
      0.0,
      0.0022002220153808593,
      0.0
    ]
  },
  "CS": {
    "dimensions": [
      5,
      10,
      20,
      30
    ],
    "times": [
      0.5649866104125977,
      0.589415168762207,
      0.5861467838287353,
      0.6450652122497559
    ]
  },
  "ABC": {
    "dimensions": [
      5,
      10,
      20,
      30
    ],
    "times": [
      0.18609380722045898,
      0.1812349796295166,
      0.16409406661987305,
      0.17325034141540527
    ]
  }
}