Algorithm,Best Fitness,Mean Fitness,Std Fitness,Convergence Speed (iter),Mean Time (s),Std Time (s),Robustness
GA,0.5954533903454989,2.1644761605079075,0.9285108873579959,21.6,0.2718198299407959,0.08337163221147685,0.5185347962281774
FA,6106.569424097323,12884.027298185838,2898.9542822170197,0.6,5.363419795036316,1.3513530910457525,0.00034483302241423557
PSO,4.789714038027555,32.56598074652941,20.77544568153753,37.2,0.15120604832967122,0.023262603911895892,0.04592328509022699
SA,1018.935945553621,13208.211708774212,6214.890067075518,82.3,0.0036958614985148114,0.0030632209093628235,0.00016087800607942295
CS,1138.165627213641,6863.637559612643,3569.696173862254,38.13333333333333,1.0737529436747233,0.09385506253072629,0.00028005743174680335
ABC,0.00038898477452387357,0.007870798361633773,0.008588736064949839,15.966666666666667,1.066548482577006,0.14258638871688012,0.9914844021573558
