{
  "GA": {
    "dimensions": [
      5,
      10,
      20,
      30
    ],
    "times": [
      0.3178133964538574,
      0.35437450408935545,
      0.4839684009552002,
      0.927040958404541
    ]
  },
  "FA": {
    "dimensions": [
      5,
      10,
      20,
      30
    ],
    "times": [
      4.504725122451783,
      4.896249580383301,
      5.441217565536499,
      6.477432918548584
    ]
  },
  "PSO": {
    "dimensions": [
      5,
      10,
      20,
      30
    ],
    "times": [
      0.12325110435485839,
      0.2799670696258545,
      0.25455422401428224,
      0.30365724563598634
    ]
  },
  "SA": {
    "dimensions": [
      5,
      10,
      20,
      30
    ],
    "times": [
      0.003815031051635742,
      0.008241033554077149,
      0.004998970031738281,
      0.0032136917114257814
    ]
  },
  "CS": {
    "dimensions": [
      5,
      10,
      20,
      30
    ],
    "times": [
      1.0023874282836913,
      1.8968116283416747,
      1.500853681564331,
      1.3134147644042968
    ]
  },
  "ABC": {
    "dimensions": [
      5,
      10,
      20,
      30
    ],
    "times": [
      0.7980769634246826,
      0.7450169086456299,
      1.0218047142028808,
      0.8362269878387452
    ]
  }
}