{
  "GA": {
    "dimensions": [
      5,
      10,
      20,
      30
    ],
    "times": [
      0.31063055992126465,
      0.44513258934020994,
      0.5457842826843262,
      0.7818660736083984
    ]
  },
  "FA": {
    "dimensions": [
      5,
      10,
      20,
      30
    ],
    "times": [
      5.336568832397461,
      6.261173820495605,
      4.74428653717041,
      4.665853977203369
    ]
  },
  "PSO": {
    "dimensions": [
      5,
      10,
      20,
      30
    ],
    "times": [
      0.19149160385131836,
      0.17836198806762696,
      0.22363018989562988,
      0.13101024627685548
    ]
  },
  "SA": {
    "dimensions": [
      5,
      10,
      20,
      30
    ],
    "times": [
      0.0026813507080078124,
      0.0027706146240234373,
      0.0028072357177734374,
      0.003511667251586914
    ]
  },
  "CS": {
    "dimensions": [
      5,
      10,
      20,
      30
    ],
    "times": [
      1.3388155460357667,
      1.0168773174285888,
      1.0128543376922607,
      0.665624475479126
    ]
  },
  "ABC": {
    "dimensions": [
      5,
      10,
      20,
      30
    ],
    "times": [
      0.37436771392822266,
      0.32976336479187013,
      0.4358933448791504,
      0.18446264266967774
    ]
  }
}