Algorithm,Scalability Coefficient,Time Complexity
GA,0.017683192107637056,O(n)
FA,-0.046704187231548754,O(n)
PSO,-0.0017058681229413547,O(n)
SA,3.072819467318263e-05,O(n)
CS,-0.022960319519042965,O(n)
ABC,-0.005699515746811688,O(n)
