Algorithm,Best Fitness,Mean Fitness,Std Fitness,Convergence Speed (iter),Mean Time (s),Std Time (s),Robustness
GA,0.5954533903454989,2.1644761605079075,0.9285108873579959,21.6,0.18525685469309489,0.01123380879902356,0.5185347962281774
FA,6106.569424097323,12884.027298185838,2898.9542822170197,0.6,2.5262314319610595,0.054838431932230466,0.00034483302241423557
PSO,4.789714038027555,32.56598074652941,20.77544568153753,37.2,0.08830077648162842,0.010367034759185859,0.04592328509022699
SA,1018.935945553621,13208.211708774212,6214.890067075518,82.3,0.0014220873514811199,0.0039113585636721005,0.00016087800607942295
CS,1138.165627213641,6863.637559612643,3569.696173862254,38.13333333333333,0.5704150517781575,0.030144993971061206,0.00028005743174680335
ABC,0.0017672274089302405,0.050954010395003344,0.08612420017259971,22.7,0.16238378683725993,0.009598986167712577,0.9207050168305675
