Algorithm,Scalability Coefficient,Time Complexity
GA,0.02378699205689512,O(n)
FA,0.07644623998868266,O(n)
PSO,0.005406091819375248,O(n)
SA,-8.539975699731862e-05,O(n)
CS,0.0015070456165378447,O(n)
ABC,0.004597063711134059,O(n)
