Algorithm,Scalability Coefficient,Time Complexity
GA,0.00689087883900788,O(n)
FA,0.0015841298184152406,O(n)
PSO,0.0025503410727290795,O(n)
SA,-1.2720883902856852e-05,O(n)
CS,0.002787126605793587,O(n)
ABC,-0.0006202820600089351,O(n)
